AK,  B  ,2016,R,-1,7336.0,8429.0,0
AK,  D  ,2016,R,-1,0.0,1.0,0
AK,  F  ,2016,R,-1,0.0,12284.0,4750.0
AK,  H  ,2016,D,-1,6125.0,4674.0,0
AK,  J  ,2016,D,-1,1.0,0.0,0
AK,  L  ,2016,R,-1,5971.0,7645.0,1088.0
AK,  N  ,2016,R,-1,0.0,9570.0,8772.0
AK,  P  ,2016,R,-1,0.0,1.0,0
AK,  R  ,2016,R,-1,0.0,1.0,0
AK,  T  ,2016,D,-1,1.0,0.0,0
AK,District 1,2014,R,-1,3484.0,5393.0,0
AK,District C,2014,R,-1,4659.0,8424.0,0
AK,District E,2014,R,-1,0,9048.0,4881.0
AK,District F,2014,R,-1,4117.0,11338.0,0
AK,District G,2014,R,-1,2878.0,9897.0,0
AK,District I,2014,D,-1,8769.0,0,0
AK,District K,2014,R,-1,6531.0,8529.0,0
AK,District M,2014,R,-1,4239.0,9909.0,0
AK,District N,2014,R,-1,7938.0,9657.0,0
AK,District O,2014,R,-1,0,11306.0,3441.0
AK,District P,2014,R,-1,3866.0,9889.0,0
AK,District Q,2014,D,-1,12521.0,4753.0,0
AK,District S,2014,D,-1,8727.0,0,0
AK,District T,2014,D,-1,9379.0,0,0
AL,District 1,2013,R,-1,13704.0,22982.0,0
AL,District 10,2013,R,-1,16530.0,17967.0,0
AL,District 11,2013,R,-1,6981.0,24318.0,0
AL,District 12,2013,R,-1,13178.0,17646.0,0
AL,District 13,2013,R,-1,10424.0,16758.0,3697.0
AL,District 14,2013,R,-1,0,25724.0,0
AL,District 15,2013,R,-1,0,29498.0,0
AL,District 16,2013,R,-1,8284.0,28107.0,0
AL,District 17,2013,R,-1,0,31105.0,0
AL,District 18,2013,D,-1,23195.0,0,0
AL,District 19,2013,D,-1,27143.0,0,0
AL,District 2,2013,R,-1,0,24936.0,0
AL,District 20,2013,D,-1,23368.0,0,0
AL,District 21,2013,R,-1,12161.0,20179.0,0
AL,District 22,2013,R,-1,11275.0,23162.0,0
AL,District 23,2013,D,-1,29306.0,0,0
AL,District 24,2013,D,-1,26859.0,0,0
AL,District 25,2013,R,-1,0,29545.0,0
AL,District 26,2013,D,-1,25166.0,0,0
AL,District 27,2013,R,-1,10358.0,19808.0,0
AL,District 28,2013,D,-1,22148.0,8020.0,0
AL,District 29,2013,O,-1,0,16145.0,17830.0
AL,District 3,2013,R,-1,0,26906.0,0
AL,District 30,2013,R,-1,0,22916.0,5653.0
AL,District 31,2013,R,-1,8627.0,23067.0,0
AL,District 32,2013,R,-1,0,27837.0,6306.0
AL,District 33,2013,D,-1,23012.0,0,0
AL,District 34,2013,R,-1,0,22451.0,0
AL,District 35,2013,R,-1,6862.0,19173.0,0
AL,District 4,2013,R,-1,8875.0,24750.0,0
AL,District 5,2013,R,-1,0,29611.0,0
AL,District 6,2013,R,-1,17574.0,17641.0,0
AL,District 7,2013,R,-1,12404.0,22873.0,0
AL,District 8,2013,R,-1,9322.0,24332.0,0
AL,District 9,2013,R,-1,0,24596.0,0
AR,  1  ,2016,R,-1,0.0,1.0,0
AR,  11  ,2016,R,-1,0.0,1.0,0
AR,  12  ,2016,D,-1,1.0,0.0,0
AR,  13  ,2016,R,-1,0.0,1.0,0
AR,  16  ,2016,R,-1,0.0,1.0,0
AR,  2  ,2016,R,-1,0.0,1.0,0
AR,  21  ,2016,R,-1,0.0,1.0,0
AR,  22  ,2016,R,-1,9477.0,14453.0,0
AR,  23  ,2016,R,-1,0.0,1.0,0
AR,  25  ,2016,D,-1,1.0,0.0,0
AR,  26  ,2016,D,-1,21040.0,0.0,5703.0
AR,  27  ,2016,R,-1,13986.0,16803.0,0
AR,  28  ,2016,R,-1,0.0,1.0,0
AR,  29  ,2016,R,-1,0.0,1.0,0
AR,  32  ,2016,D,-1,28082.0,0.0,9351.0
AR,  34  ,2016,R,-1,15541.0,21497.0,0
AR,  7  ,2016,R,-1,0.0,1.0,0
AR,District 1,2014,R,-1,0,1.0,0
AR,District 10,2014,D,-1,1.0,0,0
AR,District 14,2014,R,-1,0,20547.0,8299.0
AR,District 15,2014,R,-1,0,1.0,0
AR,District 17,2014,R,-1,0,1.0,0
AR,District 18,2014,R,-1,0,1.0,0
AR,District 19,2014,R,-1,10481.0,14647.0,0
AR,District 20,2014,R,-1,10405.0,12096.0,0
AR,District 24,2014,D,-1,1.0,0,0
AR,District 30,2014,D,-1,1.0,0,0
AR,District 31,2014,D,-1,1.0,0,0
AR,District 33,2014,R,-1,0,1.0,0
AR,District 35,2014,R,-1,10276.0,13488.0,0
AR,District 4,2014,D,-1,1.0,0,0
AR,District 5,2014,R,-1,0,1.0,0
AR,District 6,2014,R,-1,0,1.0,0
AR,District 8,2014,R,-1,0,1.0,0
AR,District 9,2014,R,-1,0,1.0,0
AZ,  1  ,2016,R,-1,0.0,87011.0,0
AZ,  10  ,2016,D,-1,50850.0,43526.0,0
AZ,  11  ,2016,R,-1,40390.0,59475.0,0
AZ,  12  ,2016,R,-1,37178.0,69356.0,0
AZ,  13  ,2016,R,-1,0.0,62124.0,0
AZ,  14  ,2016,R,-1,32229.0,54084.0,0
AZ,  15  ,2016,R,-1,36414.0,62691.0,0
AZ,  16  ,2016,R,-1,30180.0,56096.0,0
AZ,  17  ,2016,R,-1,41676.0,54454.0,0
AZ,  18  ,2016,D,-1,53962.0,50935.0,0
AZ,  19  ,2016,D,-1,38817.0,0.0,0
AZ,  2  ,2016,D,-1,39693.0,27066.0,0
AZ,  20  ,2016,R,-1,28987.0,40122.0,10928.0
AZ,  21  ,2016,R,-1,0.0,64404.0,0
AZ,  22  ,2016,R,-1,38620.0,71863.0,0
AZ,  23  ,2016,R,-1,0.0,88099.0,0
AZ,  24  ,2016,D,-1,54351.0,0.0,0
AZ,  25  ,2016,R,-1,0.0,69914.0,0
AZ,  26  ,2016,D,-1,40995.0,0.0,0
AZ,  27  ,2016,D,-1,40085.0,0.0,9381.0
AZ,  28  ,2016,R,-1,48124.0,50436.0,0
AZ,  29  ,2016,D,-1,29638.0,13615.0,0
AZ,  3  ,2016,D,-1,48887.0,0.0,0
AZ,  30  ,2016,D,-1,27941.0,14152.0,0
AZ,  4  ,2016,D,-1,37668.0,0.0,0
AZ,  5  ,2016,R,-1,0.0,62615.0,0
AZ,  6  ,2016,R,-1,47557.0,49318.0,0
AZ,  7  ,2016,D,-1,54421.0,0.0,0
AZ,  8  ,2016,R,-1,28585.0,32366.0,0
AZ,  9  ,2016,D,-1,68109.0,0.0,0
AZ,District 1,2014,R,-1,0,55273.0,139.0
AZ,District 10,2014,D,-1,34334.0,31307.0,0
AZ,District 11,2014,R,-1,26628.0,38397.0,0
AZ,District 12,2014,R,-1,19117.0,35820.0,0
AZ,District 13,2014,R,-1,15874.0,28645.0,0
AZ,District 14,2014,R,-1,0,46564.0,0
AZ,District 15,2014,R,-1,0,43363.0,0
AZ,District 16,2014,R,-1,16382.0,31659.0,0
AZ,District 17,2014,R,-1,21619.0,32598.0,0
AZ,District 18,2014,R,-1,29723.0,34522.0,0
AZ,District 19,2014,D,-1,12811.0,7747.0,0
AZ,District 2,2014,D,-1,22901.0,18707.0,0
AZ,District 20,2014,R,-1,16613.0,25103.0,5438.0
AZ,District 21,2014,R,-1,18687.0,32119.0,0
AZ,District 22,2014,R,-1,21079.0,48046.0,0
AZ,District 23,2014,R,-1,29810.0,46649.0,0
AZ,District 24,2014,D,-1,25130.0,12867.0,0
AZ,District 25,2014,R,-1,16140.0,38505.0,0
AZ,District 26,2014,D,-1,14845.0,0,10563.0
AZ,District 27,2014,D,-1,17917.0,6198.0,0
AZ,District 28,2014,R,-1,27902.0,34455.0,2392.0
AZ,District 29,2014,D,-1,12133.0,8002.0,0
AZ,District 3,2014,D,-1,27034.0,0,0
AZ,District 30,2014,D,-1,12802.0,9276.0,0
AZ,District 4,2014,D,-1,14464.0,12423.0,0
AZ,District 5,2014,R,-1,0,38507.0,0
AZ,District 6,2014,R,-1,0,31845.0,30207.0
AZ,District 7,2014,D,-1,38513.0,0,7494.0
AZ,District 8,2014,D,-1,17654.0,17157.0,0
AZ,District 9,2014,D,-1,45890.0,0,0
CA,  1  ,2016,R,-1,161502.0,287314.0,0
CA,  11  ,2016,D,-1,201316.0,0.0,0
CA,  13  ,2016,D,-1,296400.0,94269.0,0
CA,  15  ,2016,D,-1,196089.0,0.0,0
CA,  17  ,2016,D,-1,268806.0,141339.0,0
CA,  19  ,2016,D,-1,224834.0,131598.0,0
CA,  21  ,2016,R,-1,142886.0,160043.0,0
CA,  23  ,2016,R,-1,141533.0,184470.0,0
CA,  25  ,2016,D,-1,218242.0,159014.0,0
CA,  27  ,2016,D,-1,218655.0,172827.0,0
CA,  29  ,2016,D,-1,160230.0,157732.0,0
CA,  3  ,2016,D,-1,207927.0,0.0,0
CA,  31  ,2016,D,-1,167574.0,109238.0,0
CA,  33  ,2016,D,-1,177971.0,0.0,48316.0
CA,  35  ,2016,D,-1,135353.0,0.0,0
CA,  37  ,2016,R,-1,172455.0,228480.0,0
CA,  39  ,2016,D,-1,258686.0,155053.0,0
CA,  5  ,2016,D,-1,174847.0,133604.0,0
CA,  7  ,2016,D,-1,270485.0,135122.0,0
CA,  9  ,2016,D,-1,236133.0,0.0,0
CA,District 1,2014,D,-1,188142.0,80778.0,0
CA,District 10,2014,D,-1,111162.0,52302.0,0
CA,District 12,2014,R,-1,49039.0,74988.0,0
CA,District 14,2014,R,-1,46035.0,54251.0,0
CA,District 16,2014,R,-1,45812.0,122700.0,0
CA,District 18,2014,D,-1,79495.0,33794.0,0
CA,District 20,2014,D,-1,56943.0,34256.0,0
CA,District 22,2014,D,-1,63570.0,34468.0,0
CA,District 24,2014,D,-1,87260.0,0,0
CA,District 26,2014,D,-1,203682.0,0,0
CA,District 28,2014,R,-1,0,154051.0,0
CA,District 30,2014,D,-1,113557.0,0,0
CA,District 32,2014,D,-1,67593.0,61718.0,0
CA,District 34,2014,R,-1,69220.0,95792.0,0
CA,District 36,2014,R,-1,75539.0,140610.0,0
CA,District 38,2014,R,-1,66066.0,146510.0,0
CA,District 4,2014,R,-1,79457.0,139199.0,0
CA,District 40,2014,D,-1,107277.0,0,0
CA,District 6,2014,D,-1,179626.0,0,0
CA,District 8,2014,R,-1,73417.0,415587.0,0
CO,  10  ,2016,R,-1,24430.0,47832.0,0
CO,  12  ,2016,R,-1,0.0,45938.0,15071.0
CO,  14  ,2016,D,-1,52902.0,32886.0,0
CO,  17  ,2016,D,-1,1.0,0.0,0
CO,  18  ,2016,D,-1,67799.0,17370.0,0
CO,  19  ,2016,D,-1,39070.0,37592.0,5112.0
CO,  21  ,2016,D,-1,1.0,0.0,0
CO,  23  ,2016,R,-1,40281.0,55528.0,0
CO,  25  ,2016,R,-1,27678.0,30074.0,0
CO,  26  ,2016,D,-1,42145.0,36666.0,0
CO,  27  ,2016,R,-1,38489.0,44169.0,0
CO,  28  ,2016,D,-1,39143.0,31096.0,0
CO,  29  ,2016,D,-1,30998.0,22503.0,3698.0
CO,  31  ,2016,D,-1,57793.0,25268.0,0
CO,  33  ,2016,D,-1,57049.0,12564.0,0
CO,  35  ,2016,R,-1,23358.0,38880.0,2668.0
CO,  4  ,2016,R,-1,27779.0,62981.0,0
CO,  8  ,2016,R,-1,32530.0,39526.0,0
CO,District 1,2014,R,-1,0,45689.0,7876.0
CO,District 11,2014,D,-1,18815.0,14978.0,2282.0
CO,District 13,2014,R,-1,14879.0,26063.0,0
CO,District 15,2014,R,-1,0,47581.0,0
CO,District 16,2014,R,-1,33734.0,35631.0,0
CO,District 19,2014,R,-1,29244.0,29907.0,3664.0
CO,District 2,2014,R,-1,0,38895.0,13019.0
CO,District 20,2014,D,-1,33543.0,33104.0,5018.0
CO,District 22,2014,D,-1,30510.0,29174.0,0
CO,District 24,2014,R,-1,25268.0,26164.0,0
CO,District 3,2014,D,-1,27813.0,22814.0,0
CO,District 30,2014,R,-1,21566.0,39897.0,2359.0
CO,District 32,2014,D,-1,35852.0,17356.0,2560.0
CO,District 34,2014,D,-1,31889.0,8390.0,2592.0
CO,District 5,2014,D,-1,27526.0,26225.0,2374.0
CO,District 6,2014,R,-1,0,43482.0,0
CO,District 7,2014,R,-1,16506.0,39580.0,0
CO,District 9,2014,R,-1,0,53867.0,0
CT,  1  ,2016,D,-1,20437.0,6052.0,829.0
CT,  10  ,2016,D,-1,1.0,0.0,0
CT,  11  ,2016,D,-1,1.0,0.0,0
CT,  12  ,2016,D,-1,32089.0,21208.0,0
CT,  13  ,2016,R,-1,20866.0,21761.0,0
CT,  14  ,2016,D,-1,26549.0,20836.0,0
CT,  15  ,2016,D,-1,20312.0,0.0,4407.0
CT,  16  ,2016,R,-1,17966.0,29610.0,0
CT,  17  ,2016,R,-1,20769.0,21602.0,0
CT,  18  ,2016,R,-1,18447.0,24795.0,0
CT,  19  ,2016,D,-1,24614.0,17452.0,0
CT,  2  ,2016,D,-1,30772.0,5888.0,0
CT,  20  ,2016,R,-1,17761.0,26501.0,0
CT,  21  ,2016,R,-1,16561.0,30966.0,0
CT,  22  ,2016,D,-1,22271.0,16885.0,0
CT,  23  ,2016,D,-1,19689.0,2583.0,0
CT,  24  ,2016,R,-1,18745.0,20501.0,0
CT,  25  ,2016,D,-1,26509.0,18470.0,0
CT,  26  ,2016,R,-1,22898.0,34627.0,0
CT,  27  ,2016,D,-1,24149.0,11993.0,874.0
CT,  28  ,2016,R,-1,21441.0,32659.0,0
CT,  29  ,2016,D,-1,22180.0,18280.0,0
CT,  3  ,2016,D,-1,23913.0,18650.0,0
CT,  30  ,2016,R,-1,21042.0,26676.0,0
CT,  31  ,2016,R,-1,18053.0,27162.0,0
CT,  32  ,2016,R,-1,17099.0,33090.0,0
CT,  33  ,2016,R,-1,22954.0,31594.0,954.0
CT,  34  ,2016,R,-1,0.0,1.0,0
CT,  35  ,2016,R,-1,19199.0,31829.0,0
CT,  36  ,2016,R,-1,19291.0,28901.0,811.0
CT,  4  ,2016,D,-1,24146.0,23557.0,0
CT,  5  ,2016,D,-1,30655.0,21128.0,0
CT,  6  ,2016,D,-1,19683.0,10788.0,0
CT,  7  ,2016,R,-1,18388.0,28651.0,0
CT,  8  ,2016,R,-1,18204.0,32839.0,0
CT,  9  ,2016,D,-1,29684.0,17213.0,0
CT,District 1,2014,D,-1,11097.0,4135.0,1302.0
CT,District 10,2014,D,-1,15490.0,0,1125.0
CT,District 11,2014,D,-1,18162.0,0,1631.0
CT,District 12,2014,D,-1,20885.0,15690.0,2030.0
CT,District 13,2014,D,-1,13918.0,13613.0,2315.0
CT,District 14,2014,D,-1,18234.0,13013.0,847.0
CT,District 15,2014,D,-1,12083.0,5739.0,1361.0
CT,District 16,2014,R,-1,0,22132.0,5945.0
CT,District 17,2014,D,-1,14382.0,11958.0,1887.0
CT,District 18,2014,D,-1,16790.0,11873.0,0
CT,District 19,2014,D,-1,15057.0,12047.0,2368.0
CT,District 2,2014,D,-1,18905.0,4507.0,1224.0
CT,District 20,2014,R,-1,13077.0,16103.0,2208.0
CT,District 21,2014,R,-1,10384.0,21731.0,0
CT,District 22,2014,D,-1,12237.0,11545.0,1202.0
CT,District 23,2014,D,-1,9476.0,0,807.0
CT,District 24,2014,R,-1,0,13392.0,4534.0
CT,District 25,2014,D,-1,16310.0,10127.0,0
CT,District 26,2014,R,-1,12617.0,24300.0,658.0
CT,District 27,2014,D,-1,12142.0,8950.0,1102.0
CT,District 28,2014,R,-1,15121.0,19428.0,1893.0
CT,District 29,2014,D,-1,11537.0,10850.0,2365.0
CT,District 3,2014,D,-1,17536.0,11337.0,0
CT,District 30,2014,R,-1,13749.0,17744.0,1498.0
CT,District 31,2014,R,-1,13773.0,15318.0,2299.0
CT,District 32,2014,R,-1,11383.0,23547.0,985.0
CT,District 33,2014,R,-1,16161.0,21173.0,3191.0
CT,District 34,2014,R,-1,0,19160.0,3369.0
CT,District 35,2014,R,-1,0,25547.0,5183.0
CT,District 36,2014,R,-1,0,21100.0,3189.0
CT,District 4,2014,D,-1,16567.0,15181.0,2146.0
CT,District 5,2014,D,-1,22181.0,14653.0,804.0
CT,District 6,2014,D,-1,13637.0,0,1897.0
CT,District 7,2014,R,-1,9704.0,22160.0,0
CT,District 8,2014,R,-1,13843.0,22364.0,1508.0
CT,District 9,2014,D,-1,20799.0,12164.0,0
DE,  1  ,2016,D,-1,11858.0,9195.0,0
DE,  12  ,2016,D,-1,18961.0,0.0,0
DE,  13  ,2016,D,-1,14503.0,0.0,0
DE,  14  ,2016,D,-1,13454.0,9138.0,0
DE,  15  ,2016,R,-1,0.0,15036.0,0
DE,  19  ,2016,R,-1,0.0,14003.0,0
DE,  20  ,2016,R,-1,6831.0,17908.0,0
DE,  5  ,2016,R,-1,9596.0,14083.0,0
DE,  7  ,2016,R,-1,9398.0,9604.0,0
DE,  8  ,2016,D,-1,8862.0,8115.0,462.0
DE,  9  ,2016,D,-1,13500.0,0.0,0
DE,District 1,2014,D,-1,7324.0,1010.0,0
DE,District 10,2014,D,-1,6230.0,5963.0,0
DE,District 11,2014,D,-1,6426.0,0,0
DE,District 16,2014,R,-1,0,6178.0,2135.0
DE,District 17,2014,D,-1,5811.0,3881.0,0
DE,District 18,2014,R,-1,3917.0,7863.0,0
DE,District 21,2014,R,-1,4514.0,5210.0,113.0
DE,District 3,2014,D,-1,5214.0,0,0
DE,District 4,2014,R,-1,5521.0,8983.0,0
DE,District 6,2014,R,-1,6718.0,11633.0,0
FL,  1  ,2016,R,-1,0.0,1.0,0
FL,  10  ,2016,R,-1,0.0,1.0,0
FL,  11  ,2016,D,-1,1.0,0.0,0
FL,  12  ,2016,R,-1,0.0,1.0,0
FL,  13  ,2016,D,-1,129598.0,93444.0,0
FL,  14  ,2016,R,-1,0.0,158946.0,73299.0
FL,  15  ,2016,D,-1,142432.0,97862.0,0
FL,  16  ,2016,R,-1,0.0,1.0,0
FL,  17  ,2016,R,-1,100091.0,164146.0,0
FL,  18  ,2016,R,-1,97211.0,113125.0,22254.0
FL,  19  ,2016,D,-1,141305.0,69875.0,0
FL,  2  ,2016,R,-1,0.0,1.0,0
FL,  20  ,2016,R,-1,0.0,1.0,0
FL,  21  ,2016,R,-1,0.0,1.0,0
FL,  22  ,2016,R,-1,101261.0,116464.0,0
FL,  23  ,2016,R,-1,110937.0,157910.0,0
FL,  24  ,2016,R,-1,0.0,1.0,0
FL,  25  ,2016,R,-1,83027.0,152943.0,0
FL,  26  ,2016,R,-1,0.0,1.0,0
FL,  27  ,2016,R,-1,0.0,1.0,0
FL,  28  ,2016,R,-1,0.0,1.0,0
FL,  29  ,2016,D,-1,1.0,0.0,0
FL,  3  ,2016,D,-1,159288.0,77192.0,0
FL,  30  ,2016,D,-1,119559.0,101516.0,0
FL,  31  ,2016,D,-1,1.0,0.0,0
FL,  32  ,2016,D,-1,1.0,0.0,0
FL,  33  ,2016,D,-1,1.0,0.0,0
FL,  34  ,2016,D,-1,128640.0,75368.0,0
FL,  35  ,2016,D,-1,1.0,0.0,0
FL,  36  ,2016,R,-1,67003.0,81972.0,0
FL,  37  ,2016,D,-1,87794.0,81938.0,9979.0
FL,  38  ,2016,D,-1,117948.0,0.0,38811.0
FL,  39  ,2016,R,-1,82117.0,97343.0,0
FL,  4  ,2016,R,-1,0.0,1.0,0
FL,  40  ,2016,R,-1,80551.0,100170.0,17170.0
FL,  5  ,2016,R,-1,0.0,1.0,0
FL,  6  ,2016,D,-1,1.0,0.0,0
FL,  7  ,2016,R,-1,98378.0,174320.0,0
FL,  8  ,2016,R,-1,107990.0,119895.0,0
FL,  9  ,2016,R,-1,0.0,1.0,0
FL,District 1,2014,R,-1,0,1.0,0
FL,District 10,2014,R,-1,0,101241.0,44959.0
FL,District 12,2014,D,-1,67084.0,39456.0,0
FL,District 14,2014,D,-1,71029.0,0,23625.0
FL,District 16,2014,R,-1,0,1.0,0
FL,District 18,2014,R,-1,0,1.0,0
FL,District 20,2014,R,-1,0,120277.0,47652.0
FL,District 22,2014,R,-1,74804.0,101983.0,0
FL,District 24,2014,R,-1,0,104925.0,485.0
FL,District 26,2014,R,-1,0,1.0,0
FL,District 28,2014,R,-1,0,1.0,0
FL,District 30,2014,R,-1,0,1.0,0
FL,District 32,2014,R,-1,58388.0,117320.0,41.0
FL,District 34,2014,D,-1,87340.0,80353.0,0
FL,District 36,2014,D,-1,96445.0,0,47.0
FL,District 38,2014,R,-1,0,1.0,0
FL,District 4,2014,R,-1,0,1.0,0
FL,District 40,2014,R,-1,0,1.0,0
FL,District 6,2014,R,-1,66786.0,105901.0,9388.0
FL,District 8,2014,R,-1,0,1.0,0
GA,  10  ,2016,D,-1,70764.0,0.0,0
GA,  11  ,2016,R,-1,0.0,49068.0,0
GA,  12  ,2016,D,-1,48863.0,0.0,0
GA,  13  ,2016,R,-1,16853.0,43534.0,0
GA,  14  ,2016,R,-1,0.0,63251.0,0
GA,  15  ,2016,D,-1,44076.0,0.0,0
GA,  16  ,2016,R,-1,0.0,66383.0,0
GA,  17  ,2016,R,-1,32772.0,48444.0,0
GA,  18  ,2016,R,-1,0.0,60751.0,0
GA,  19  ,2016,R,-1,0.0,43329.0,0
GA,  2  ,2016,D,-1,54264.0,0.0,0
GA,  20  ,2016,R,-1,0.0,60774.0,0
GA,  21  ,2016,R,-1,0.0,78154.0,0
GA,  22  ,2016,D,-1,52532.0,0.0,0
GA,  23  ,2016,R,-1,0.0,52831.0,0
GA,  24  ,2016,R,-1,25988.0,56883.0,0
GA,  25  ,2016,R,-1,0.0,60036.0,0
GA,  26  ,2016,D,-1,47812.0,0.0,0
GA,  27  ,2016,R,-1,20153.0,73417.0,0
GA,  28  ,2016,R,-1,0.0,68100.0,0
GA,  29  ,2016,R,-1,26282.0,47258.0,0
GA,  3  ,2016,R,-1,0.0,53872.0,0
GA,  30  ,2016,R,-1,0.0,58574.0,0
GA,  31  ,2016,R,-1,0.0,60268.0,0
GA,  32  ,2016,R,-1,0.0,78117.0,0
GA,  33  ,2016,D,-1,52902.0,0.0,0
GA,  34  ,2016,D,-1,53434.0,0.0,0
GA,  35  ,2016,D,-1,66099.0,0.0,0
GA,  36  ,2016,D,-1,66698.0,0.0,0
GA,  37  ,2016,R,-1,0.0,70588.0,0
GA,  38  ,2016,D,-1,59542.0,16265.0,0
GA,  39  ,2016,D,-1,67041.0,0.0,0
GA,  4  ,2016,R,-1,0.0,54539.0,0
GA,  40  ,2016,R,-1,32785.0,42050.0,0
GA,  41  ,2016,D,-1,52579.0,0.0,0
GA,  42  ,2016,D,-1,62146.0,18687.0,0
GA,  43  ,2016,D,-1,50436.0,21175.0,0
GA,  44  ,2016,D,-1,66050.0,0.0,0
GA,  45  ,2016,R,-1,0.0,64059.0,0
GA,  46  ,2016,R,-1,0.0,62565.0,0
GA,  47  ,2016,R,-1,0.0,57837.0,0
GA,  48  ,2016,R,-1,0.0,51546.0,0
GA,  49  ,2016,R,-1,0.0,59242.0,0
GA,  5  ,2016,D,-1,35586.0,0.0,0
GA,  50  ,2016,R,-1,0.0,61180.0,0
GA,  51  ,2016,R,-1,0.0,70737.0,0
GA,  52  ,2016,R,-1,0.0,52820.0,0
GA,  53  ,2016,R,-1,0.0,55148.0,0
GA,  54  ,2016,R,-1,0.0,46908.0,0
GA,  55  ,2016,D,-1,61907.0,17686.0,0
GA,  56  ,2016,R,-1,32969.0,49202.0,0
GA,  6  ,2016,R,-1,39201.0,42338.0,0
GA,  7  ,2016,R,-1,0.0,48481.0,0
GA,  8  ,2016,R,-1,20661.0,37237.0,0
GA,  9  ,2016,R,-1,0.0,65094.0,0
GA,District 1,2014,R,-1,0,1.0,0
GA,District 10,2014,D,-1,1.0,0,0
GA,District 11,2014,R,-1,0,1.0,0
GA,District 12,2014,D,-1,1.0,0,0
GA,District 13,2014,R,-1,0,1.0,0
GA,District 14,2014,R,-1,0,1.0,0
GA,District 15,2014,D,-1,1.0,0,0
GA,District 16,2014,R,-1,0,1.0,0
GA,District 17,2014,R,-1,0,1.0,0
GA,District 18,2014,R,-1,0,1.0,0
GA,District 19,2014,R,-1,0,1.0,0
GA,District 2,2014,D,-1,1.0,0,0
GA,District 20,2014,R,-1,13902.0,32726.0,0
GA,District 21,2014,R,-1,0,1.0,0
GA,District 22,2014,D,-1,1.0,0,0
GA,District 23,2014,R,-1,17434.0,27374.0,0
GA,District 24,2014,R,-1,15501.0,37836.0,0
GA,District 25,2014,R,-1,0,1.0,0
GA,District 26,2014,D,-1,1.0,0,0
GA,District 27,2014,R,-1,0,1.0,0
GA,District 28,2014,R,-1,13497.0,35440.0,0
GA,District 29,2014,R,-1,15668.0,30394.0,0
GA,District 3,2014,R,-1,0,1.0,0
GA,District 30,2014,R,-1,11801.0,31122.0,0
GA,District 31,2014,R,-1,10952.0,29647.0,0
GA,District 32,2014,R,-1,0,1.0,0
GA,District 33,2014,D,-1,1.0,0,0
GA,District 34,2014,D,-1,1.0,0,0
GA,District 35,2014,D,-1,36530.0,12285.0,0
GA,District 36,2014,D,-1,1.0,0,0
GA,District 37,2014,R,-1,0,1.0,0
GA,District 38,2014,D,-1,1.0,0,0
GA,District 39,2014,D,-1,38714.0,7642.0,0
GA,District 4,2014,R,-1,0,1.0,0
GA,District 40,2014,R,-1,18339.0,30705.0,0
GA,District 41,2014,D,-1,1.0,0,0
GA,District 42,2014,D,-1,39791.0,13680.0,0
GA,District 43,2014,D,-1,1.0,0,0
GA,District 44,2014,D,-1,1.0,0,0
GA,District 45,2014,R,-1,0,1.0,0
GA,District 46,2014,R,-1,0,1.0,0
GA,District 47,2014,R,-1,0,1.0,0
GA,District 48,2014,R,-1,0,1.0,0
GA,District 49,2014,R,-1,0,1.0,0
GA,District 5,2014,D,-1,1.0,0,0
GA,District 50,2014,R,-1,0,1.0,0
GA,District 51,2014,R,-1,0,1.0,0
GA,District 52,2014,R,-1,0,1.0,0
GA,District 53,2014,R,-1,0,1.0,0
GA,District 54,2014,R,-1,0,1.0,0
GA,District 55,2014,D,-1,1.0,0,0
GA,District 56,2014,R,-1,15087.0,34734.0,0
GA,District 6,2014,R,-1,18904.0,29383.0,0
GA,District 7,2014,R,-1,0,1.0,0
GA,District 8,2014,R,-1,13441.0,21345.0,0
GA,District 9,2014,R,-1,18155.0,36764.0,0
HI,  1  ,2016,D,-1,14488.0,0.0,1816.0
HI,  10  ,2016,D,-1,13845.0,0.0,2712.0
HI,  11  ,2016,D,-1,14943.0,3416.0,791.0
HI,  13  ,2016,D,-1,10815.0,3826.0,593.0
HI,  14  ,2016,D,-1,1.0,0.0,0
HI,  15  ,2016,D,-1,9226.0,0.0,1711.0
HI,  19  ,2016,D,-1,7880.0,4912.0,0
HI,  2  ,2016,D,-1,11664.0,0.0,2488.0
HI,  20  ,2016,D,-1,1.0,0.0,0
HI,  22  ,2016,D,-1,1.0,0.0,0
HI,  25  ,2016,D,-1,14212.0,6886.0,0
HI,  5  ,2016,D,-1,1.0,0.0,0
HI,  8  ,2016,D,-1,1.0,0.0,0
HI,  9  ,2016,D,-1,13433.0,11985.0,0
HI,District 1,2014,D,-1,11638.0,0,1850.0
HI,District 12,2014,D,-1,6426.0,4544.0,0
HI,District 16,2014,D,-1,1.0,0,0
HI,District 17,2014,D,-1,8312.0,0,3531.0
HI,District 18,2014,D,-1,10253.0,7345.0,389.0
HI,District 21,2014,D,-1,6079.0,2868.0,0
HI,District 23,2014,D,-1,5319.0,4854.0,0
HI,District 24,2014,D,-1,13814.0,4625.0,0
HI,District 3,2014,D,-1,8896.0,0,1891.0
HI,District 4,2014,D,-1,8882.0,0,2536.0
HI,District 5,2014,D,-1,9770.0,4149.0,0
HI,District 6,2014,D,-1,7210.0,2916.0,1196.0
HI,District 7,2014,D,-1,1.0,0,0
IA,  10  ,2016,R,-1,10006.0,20053.0,0
IA,  12  ,2016,R,-1,0.0,20012.0,5524.0
IA,  14  ,2016,R,-1,0.0,19482.0,6755.0
IA,  16  ,2016,D,-1,14046.0,8114.0,1254.0
IA,  18  ,2016,D,-1,1.0,0.0,0
IA,  2  ,2016,R,-1,0.0,1.0,0
IA,  20  ,2016,R,-1,15238.0,22431.0,0
IA,  22  ,2016,R,-1,15343.0,19413.0,0
IA,  24  ,2016,R,-1,11006.0,19435.0,0
IA,  26  ,2016,R,-1,11557.0,19165.0,0
IA,  28  ,2016,R,-1,10823.0,17501.0,1648.0
IA,  30  ,2016,D,-1,19568.0,13754.0,0
IA,  32  ,2016,R,-1,12441.0,18641.0,0
IA,  34  ,2016,D,-1,20008.0,15673.0,0
IA,  36  ,2016,R,-1,13111.0,14731.0,0
IA,  38  ,2016,R,-1,10524.0,18567.0,1810.0
IA,  4  ,2016,R,-1,11889.0,18359.0,0
IA,  40  ,2016,R,-1,0.0,1.0,0
IA,  42  ,2016,D,-1,13434.0,13266.0,0
IA,  44  ,2016,R,-1,13000.0,14410.0,0
IA,  46  ,2016,R,-1,12615.0,16576.0,0
IA,  48  ,2016,R,-1,10596.0,20065.0,1232.0
IA,  50  ,2016,D,-1,18345.0,10635.0,0
IA,  6  ,2016,R,-1,0.0,20223.0,4044.0
IA,  8  ,2016,R,-1,10510.0,12379.0,0
IA,District 1,2014,R,-1,0,18774.0,0
IA,District 11,2014,R,-1,0,17681.0,0
IA,District 13,2014,R,-1,8900.0,15326.0,893.0
IA,District 15,2014,D,-1,13307.0,12008.0,0
IA,District 17,2014,D,-1,10548.0,5374.0,978.0
IA,District 19,2014,R,-1,0,16742.0,3802.0
IA,District 21,2014,D,-1,17851.0,0,0
IA,District 23,2014,D,-1,11713.0,8094.0,0
IA,District 25,2014,R,-1,0,18267.0,0
IA,District 27,2014,D,-1,12898.0,10012.0,0
IA,District 29,2014,D,-1,13245.0,11002.0,0
IA,District 3,2014,R,-1,0,17176.0,0
IA,District 31,2014,D,-1,13387.0,0,0
IA,District 33,2014,D,-1,14430.0,8932.0,0
IA,District 35,2014,D,-1,15671.0,0,0
IA,District 37,2014,D,-1,16613.0,0,0
IA,District 39,2014,D,-1,12371.0,11306.0,0
IA,District 41,2014,R,-1,9982.0,10356.0,0
IA,District 43,2014,D,-1,18000.0,0,0
IA,District 45,2014,D,-1,13013.0,0,0
IA,District 47,2014,R,-1,11580.0,14988.0,0
IA,District 49,2014,D,-1,11690.0,10808.0,0
IA,District 5,2014,R,-1,9801.0,12383.0,0
IA,District 7,2014,R,-1,5738.0,8766.0,832.0
IA,District 9,2014,R,-1,0,16293.0,0
ID,  1  ,2016,R,-1,5365.0,17264.0,0
ID,  10  ,2016,R,-1,4524.0,9762.0,0
ID,  11  ,2016,R,-1,3302.0,14206.0,2048.0
ID,  12  ,2016,R,-1,4412.0,11672.0,0
ID,  13  ,2016,R,-1,5055.0,12439.0,0
ID,  14  ,2016,R,-1,7903.0,19011.0,0
ID,  15  ,2016,R,-1,8203.0,10580.0,0
ID,  16  ,2016,D,-1,11360.0,8563.0,0
ID,  17  ,2016,D,-1,10586.0,6235.0,0
ID,  18  ,2016,D,-1,16833.0,0.0,0
ID,  19  ,2016,D,-1,19679.0,0.0,0
ID,  2  ,2016,R,-1,0.0,20240.0,0
ID,  20  ,2016,R,-1,6525.0,13787.0,0
ID,  21  ,2016,R,-1,0.0,17462.0,0
ID,  22  ,2016,R,-1,0.0,13805.0,0
ID,  23  ,2016,R,-1,0.0,12422.0,0
ID,  24  ,2016,R,-1,6004.0,10698.0,0
ID,  25  ,2016,R,-1,4620.0,12077.0,0
ID,  26  ,2016,D,-1,10470.0,7863.0,0
ID,  27  ,2016,R,-1,0.0,13259.0,0
ID,  28  ,2016,R,-1,7404.0,11880.0,0
ID,  29  ,2016,D,-1,8018.0,7482.0,1159.0
ID,  3  ,2016,R,-1,0.0,16990.0,0
ID,  30  ,2016,R,-1,0.0,17000.0,0
ID,  31  ,2016,R,-1,0.0,13954.0,0
ID,  32  ,2016,R,-1,4139.0,16168.0,0
ID,  33  ,2016,R,-1,0.0,11848.0,0
ID,  34  ,2016,R,-1,0.0,17305.0,0
ID,  35  ,2016,R,-1,0.0,16665.0,0
ID,  4  ,2016,R,-1,7793.0,13233.0,0
ID,  5  ,2016,R,-1,10939.0,11275.0,0
ID,  6  ,2016,R,-1,0.0,16722.0,0
ID,  7  ,2016,R,-1,5071.0,14318.0,0
ID,  8  ,2016,R,-1,0.0,16015.0,4826.0
ID,  9  ,2016,R,-1,3642.0,14370.0,0
ID,District 1,2014,R,-1,0,8993.0,4834.0
ID,District 10,2014,R,-1,2598.0,5660.0,0
ID,District 11,2014,R,-1,2814.0,9673.0,0
ID,District 12,2014,R,-1,3021.0,6615.0,0
ID,District 13,2014,R,-1,3349.0,7258.0,0
ID,District 14,2014,R,-1,5033.0,11558.0,0
ID,District 15,2014,R,-1,5302.0,7244.0,0
ID,District 16,2014,D,-1,8563.0,5623.0,0
ID,District 17,2014,D,-1,9173.0,0,0
ID,District 18,2014,D,-1,10556.0,5406.0,0
ID,District 19,2014,D,-1,13240.0,4659.0,0
ID,District 2,2014,R,-1,0,11646.0,0
ID,District 20,2014,R,-1,0,10155.0,0
ID,District 21,2014,R,-1,0,11246.0,0
ID,District 22,2014,R,-1,0,8426.0,0
ID,District 23,2014,R,-1,0,8022.0,0
ID,District 24,2014,R,-1,3660.0,6687.0,0
ID,District 25,2014,R,-1,0,9211.0,0
ID,District 26,2014,D,-1,7475.0,5254.0,0
ID,District 27,2014,R,-1,0,8943.0,0
ID,District 28,2014,R,-1,0,11053.0,0
ID,District 29,2014,D,-1,6193.0,4978.0,0
ID,District 3,2014,R,-1,0,8643.0,0
ID,District 30,2014,R,-1,0,9903.0,0
ID,District 31,2014,R,-1,0,9100.0,0
ID,District 32,2014,R,-1,3023.0,9930.0,0
ID,District 33,2014,R,-1,0,8365.0,0
ID,District 34,2014,R,-1,0,7992.0,0
ID,District 35,2014,R,-1,0,11166.0,0
ID,District 4,2014,R,-1,0,7406.0,2520.0
ID,District 5,2014,D,-1,7421.0,6769.0,0
ID,District 6,2014,R,-1,4543.0,7884.0,0
ID,District 7,2014,R,-1,4335.0,8959.0,0
ID,District 8,2014,R,-1,0,10675.0,4266.0
ID,District 9,2014,R,-1,0,10728.0,0
IL,  1  ,2016,D,-1,1.0,0.0,0
IL,  10  ,2016,D,-1,1.0,0.0,0
IL,  11  ,2016,D,-1,1.0,0.0,0
IL,  13  ,2016,D,-1,1.0,0.0,0
IL,  14  ,2016,D,-1,1.0,0.0,0
IL,  16  ,2016,D,-1,1.0,0.0,0
IL,  17  ,2016,D,-1,1.0,0.0,0
IL,  19  ,2016,D,-1,1.0,0.0,0
IL,  2  ,2016,D,-1,1.0,0.0,0
IL,  20  ,2016,D,-1,1.0,0.0,0
IL,  22  ,2016,D,-1,39835.0,21991.0,0
IL,  23  ,2016,D,-1,44643.0,43429.0,0
IL,  25  ,2016,R,-1,45317.0,54636.0,0
IL,  26  ,2016,R,-1,43738.0,63432.0,0
IL,  28  ,2016,D,-1,47097.0,40950.0,0
IL,  29  ,2016,D,-1,53744.0,37174.0,0
IL,  31  ,2016,D,-1,48303.0,41044.0,0
IL,  32  ,2016,R,-1,31217.0,65150.0,0
IL,  34  ,2016,D,-1,1.0,0.0,0
IL,  35  ,2016,R,-1,0.0,1.0,0
IL,  37  ,2016,R,-1,0.0,1.0,0
IL,  38  ,2016,R,-1,40586.0,55848.0,0
IL,  4  ,2016,D,-1,1.0,0.0,0
IL,  40  ,2016,D,-1,1.0,0.0,0
IL,  41  ,2016,R,-1,0.0,1.0,0
IL,  43  ,2016,D,-1,1.0,0.0,0
IL,  44  ,2016,R,-1,0.0,1.0,0
IL,  46  ,2016,D,-1,1.0,0.0,0
IL,  47  ,2016,R,-1,0.0,1.0,0
IL,  49  ,2016,D,-1,51960.0,46581.0,0
IL,  5  ,2016,D,-1,1.0,0.0,0
IL,  50  ,2016,R,-1,0.0,1.0,0
IL,  52  ,2016,D,-1,52401.0,33562.0,0
IL,  53  ,2016,R,-1,0.0,1.0,0
IL,  55  ,2016,R,-1,0.0,1.0,0
IL,  56  ,2016,D,-1,1.0,0.0,0
IL,  58  ,2016,R,-1,38905.0,59735.0,0
IL,  59  ,2016,R,-1,43503.0,53501.0,0
IL,  7  ,2016,D,-1,1.0,0.0,0
IL,  8  ,2016,D,-1,1.0,0.0,0
IL,District 12,2014,D,-1,24886.0,0,0
IL,District 15,2014,D,-1,49577.0,0,0
IL,District 18,2014,D,-1,41515.0,29658.0,0
IL,District 21,2014,R,-1,0,61393.0,0
IL,District 24,2014,R,-1,31357.0,47590.0,0
IL,District 27,2014,R,-1,0,55928.0,0
IL,District 30,2014,D,-1,26387.0,18169.0,0
IL,District 33,2014,R,-1,0,54102.0,0
IL,District 36,2014,R,-1,30242.0,35895.0,0
IL,District 39,2014,D,-1,39526.0,0,0
IL,District 42,2014,D,-1,28358.0,0,0
IL,District 45,2014,R,-1,0,59865.0,0
IL,District 48,2014,D,-1,34402.0,27449.0,0
IL,District 51,2014,R,-1,0,69665.0,0
IL,District 54,2014,R,-1,0,60923.0,0
IL,District 57,2014,D,-1,30624.0,28486.0,0
IL,District 6,2014,D,-1,39851.0,20291.0,0
IL,District 9,2014,D,-1,55986.0,0,0
IN,  10  ,2016,D,-1,31011.0,0.0,6370.0
IN,  12  ,2016,R,-1,12476.0,29301.0,0
IN,  13  ,2016,R,-1,10872.0,33720.0,0
IN,  16  ,2016,R,-1,18110.0,35243.0,0
IN,  18  ,2016,R,-1,0.0,1.0,0
IN,  2  ,2016,D,-1,1.0,0.0,0
IN,  20  ,2016,R,-1,19043.0,48651.0,3392.0
IN,  24  ,2016,R,-1,0.0,47493.0,10694.0
IN,  28  ,2016,R,-1,21166.0,38404.0,6.0
IN,  3  ,2016,D,-1,1.0,0.0,0
IN,  30  ,2016,R,-1,33220.0,36848.0,2564.0
IN,  32  ,2016,R,-1,20202.0,31187.0,2172.0
IN,  33  ,2016,D,-1,42544.0,0.0,5170.0
IN,  34  ,2016,D,-1,1.0,0.0,0
IN,  35  ,2016,R,-1,18655.0,26631.0,0
IN,  36  ,2016,R,-1,23384.0,26710.0,0
IN,  37  ,2016,R,-1,0.0,1.0,0
IN,  40  ,2016,D,-1,1.0,0.0,0
IN,  42  ,2016,R,-1,14085.0,37843.0,0
IN,  44  ,2016,R,-1,15406.0,36875.0,2029.0
IN,  5  ,2016,R,-1,23628.0,34771.0,0
IN,  50  ,2016,R,-1,0.0,1.0,0
IN,  7  ,2016,R,-1,14590.0,36158.0,0
IN,  8  ,2016,R,-1,22373.0,31239.0,0
IN,  9  ,2016,R,-1,0.0,1.0,0
IN,District 1,2014,D,-1,15538.0,10506.0,0
IN,District 11,2014,R,-1,0,1.0,0
IN,District 14,2014,R,-1,0,1.0,0
IN,District 15,2014,R,-1,10482.0,15101.0,0
IN,District 17,2014,R,-1,0,1.0,0
IN,District 19,2014,R,-1,0,1.0,0
IN,District 21,2014,R,-1,0,1.0,0
IN,District 22,2014,R,-1,0,1.0,0
IN,District 23,2014,R,-1,9835.0,20413.0,0
IN,District 25,2014,D,-1,15560.0,0,5458.0
IN,District 26,2014,R,-1,0,1.0,0
IN,District 27,2014,R,-1,6250.0,16030.0,2552.0
IN,District 29,2014,R,-1,12744.0,15140.0,0
IN,District 31,2014,R,-1,0,1.0,0
IN,District 38,2014,R,-1,12580.0,13585.0,0
IN,District 39,2014,R,-1,12786.0,20074.0,0
IN,District 4,2014,D,-1,1.0,0,0
IN,District 41,2014,R,-1,5349.0,15940.0,855.0
IN,District 43,2014,R,-1,8988.0,22737.0,0
IN,District 45,2014,R,-1,16994.0,19827.0,0
IN,District 46,2014,R,-1,13168.0,16950.0,0
IN,District 47,2014,R,-1,15419.0,21395.0,0
IN,District 48,2014,R,-1,12489.0,23859.0,0
IN,District 49,2014,R,-1,0,1.0,0
IN,District 6,2014,R,-1,9579.0,19969.0,0
KS,  1  ,2016,R,-1,13076.0,18283.0,0
KS,  10  ,2016,R,-1,17722.0,18673.0,0
KS,  11  ,2016,R,-1,13983.0,25992.0,0
KS,  12  ,2016,R,-1,6918.0,18998.0,0
KS,  13  ,2016,R,-1,12291.0,15737.0,0
KS,  14  ,2016,R,-1,7702.0,20452.0,0
KS,  15  ,2016,R,-1,9963.0,15511.0,0
KS,  16  ,2016,R,-1,11467.0,20980.0,0
KS,  17  ,2016,R,-1,9147.0,13161.0,0
KS,  18  ,2016,D,-1,15007.0,14076.0,0
KS,  19  ,2016,D,-1,16181.0,12068.0,0
KS,  2  ,2016,D,-1,24147.0,12378.0,0
KS,  20  ,2016,R,-1,11775.0,22216.0,0
KS,  21  ,2016,R,-1,15287.0,18149.0,2617.0
KS,  22  ,2016,D,-1,1.0,0.0,0
KS,  23  ,2016,R,-1,12551.0,19277.0,0
KS,  24  ,2016,R,-1,11228.0,16195.0,0
KS,  25  ,2016,D,-1,11704.0,8308.0,0
KS,  26  ,2016,R,-1,8911.0,20274.0,0
KS,  27  ,2016,R,-1,11209.0,22252.0,0
KS,  28  ,2016,R,-1,9353.0,9915.0,0
KS,  29  ,2016,D,-1,1.0,0.0,0
KS,  3  ,2016,D,-1,17214.0,16189.0,0
KS,  30  ,2016,R,-1,11786.0,16636.0,0
KS,  31  ,2016,R,-1,8026.0,23463.0,0
KS,  32  ,2016,R,-1,9844.0,16221.0,0
KS,  33  ,2016,R,-1,6467.0,21114.0,0
KS,  34  ,2016,R,-1,4664.0,21559.0,0
KS,  35  ,2016,R,-1,8538.0,21271.0,0
KS,  36  ,2016,R,-1,4686.0,26816.0,0
KS,  37  ,2016,R,-1,11709.0,24965.0,0
KS,  38  ,2016,R,-1,4130.0,12884.0,0
KS,  39  ,2016,R,-1,3421.0,12884.0,0
KS,  4  ,2016,D,-1,1.0,0.0,0
KS,  40  ,2016,R,-1,8308.0,23964.0,0
KS,  5  ,2016,R,-1,12828.0,13336.0,0
KS,  6  ,2016,D,-1,12640.0,0.0,5213.0
KS,  7  ,2016,R,-1,18884.0,22439.0,0
KS,  8  ,2016,R,-1,17758.0,19847.0,0
KS,  9  ,2016,R,-1,13708.0,20574.0,0
KY,  1  ,2016,R,-1,0.0,36264.0,0
KY,  11  ,2016,R,-1,0.0,47552.0,0
KY,  13  ,2016,D,-1,33373.0,0.0,0
KY,  15  ,2016,R,-1,0.0,39614.0,0
KY,  17  ,2016,R,-1,17302.0,36656.0,0
KY,  19  ,2016,D,-1,39026.0,24214.0,0
KY,  21  ,2016,R,-1,11185.0,33770.0,0
KY,  23  ,2016,R,-1,0.0,37409.0,0
KY,  25  ,2016,R,-1,0.0,30577.0,0
KY,  27  ,2016,R,-1,14681.0,30548.0,0
KY,  29  ,2016,D,-1,26890.0,0.0,0
KY,  3  ,2016,R,-1,0.0,28655.0,0
KY,  31  ,2016,D,-1,26598.0,0.0,0
KY,  33  ,2016,D,-1,34588.0,6432.0,0
KY,  35  ,2016,D,-1,35860.0,0.0,0
KY,  37  ,2016,D,-1,31555.0,0.0,0
KY,  5  ,2016,R,-1,18006.0,31096.0,0
KY,  7  ,2016,D,-1,39851.0,0.0,0
KY,  9  ,2016,R,-1,0.0,37791.0,0
KY,District 1,2014,R,-1,17585.0,24752.0,0
KY,District 10,2014,D,-1,1.0,0,0
KY,District 12,2014,R,-1,15583.0,26458.0,0
KY,District 14,2014,R,-1,0,1.0,0
KY,District 16,2014,R,-1,0,1.0,0
KY,District 18,2014,D,-1,21533.0,12817.0,0
KY,District 20,2014,R,-1,0,1.0,0
KY,District 22,2014,R,-1,0,1.0,0
KY,District 24,2014,R,-1,13547.0,21792.0,0
KY,District 26,2014,R,-1,0,1.0,0
KY,District 28,2014,R,-1,16656.0,18636.0,0
KY,District 30,2014,R,-1,9733.0,27447.0,0
KY,District 32,2014,R,-1,0,1.0,0
KY,District 34,2014,R,-1,12540.0,22932.0,0
KY,District 36,2014,R,-1,16011.0,31623.0,0
KY,District 38,2014,R,-1,0,1.0,0
KY,District 4,2014,D,-1,1.0,0,0
KY,District 6,2014,R,-1,16230.0,21591.0,0
KY,District 8,2014,R,-1,0,1.0,0
MA," Berkshire, Hampshire, Franklin & Hampden",2016,D,-1,53216.0,22624.0,0
MA, Bristol & Norfolk,2016,D,-1,1.0,0.0,0
MA, Cape & Islands,2016,D,-1,59974.0,45349.0,0
MA, Fifth Middlesex,2016,D,-1,52954.0,23628.0,0
MA, First Bristol & Plymouth,2016,D,-1,1.0,0.0,0
MA, First Essex,2016,D,-1,1.0,0.0,0
MA, First Essex & Middlesex,2016,R,-1,0.0,1.0,0
MA, First Hampden & Hampshire,2016,D,-1,44602.0,35188.0,0
MA, First Middlesex,2016,D,-1,1.0,0.0,0
MA, First Middlesex & Norfolk,2016,D,-1,1.0,0.0,0
MA, First Plymouth & Bristol,2016,D,-1,52915.0,28059.0,0
MA, First Suffolk,2016,D,-1,1.0,0.0,0
MA, First Suffolk & Middlesex,2016,D,-1,1.0,0.0,0
MA, First Worcester,2016,D,-1,1.0,0.0,0
MA, Fourth Middlesex,2016,D,-1,1.0,0.0,0
MA, Hampden,2016,D,-1,1.0,0.0,0
MA," Hampshire, Franklin & Worcester",2016,D,-1,62286.0,13908.0,0
MA, Middlesex & Suffolk,2016,D,-1,1.0,0.0,0
MA, Middlesex & Worcester,2016,D,-1,55698.0,26865.0,4033.0
MA, Norfolk & Plymouth,2016,D,-1,50148.0,0.0,20433.0
MA, Norfolk & Suffolk,2016,D,-1,1.0,0.0,0
MA," Norfolk, Bristol & Middlesex",2016,R,-1,33083.0,49776.0,0
MA," Norfolk, Bristol & Plymouth",2016,D,-1,56466.0,0.0,19960.0
MA, Plymouth & Barnstable,2016,R,-1,0.0,1.0,0
MA, Plymouth & Norfolk,2016,R,-1,40193.0,52440.0,0
MA, Second Bristol & Plymouth,2016,D,-1,1.0,0.0,0
MA, Second Essex,2016,D,-1,1.0,0.0,0
MA, Second Essex & Middlesex,2016,D,-1,45218.0,25973.0,0
MA, Second Hampden & Hampshire,2016,R,-1,29285.0,43097.0,0
MA, Second Middlesex,2016,D,-1,1.0,0.0,0
MA, Second Middlesex & Norfolk,2016,D,-1,1.0,0.0,0
MA, Second Plymouth & Bristol,2016,D,-1,1.0,0.0,0
MA, Second Suffolk,2016,D,-1,1.0,0.0,0
MA, Second Suffolk & Middlesex,2016,D,-1,1.0,0.0,0
MA, Second Worcester,2016,D,-1,55093.0,19250.0,0
MA, Third Essex,2016,D,-1,1.0,0.0,0
MA, Third Middlesex,2016,D,-1,1.0,0.0,0
MA, Worcester & Middlesex,2016,D,-1,1.0,0.0,0
MA, Worcester & Norfolk,2016,R,-1,0.0,1.0,0
MA," Worcester, Hampden, Hampshire & Middlesex",2016,D,-1,44021.0,36883.0,0
MA,Bristol & Norfolk District,2014,D,-1,38762.0,0,0
MA,Cape & Islands District,2014,D,-1,46960.0,28262.0,0
MA,District 1,2014,D,-1,40795.0,0,0
MA,Fifth Middlesex District,2014,D,-1,32143.0,24406.0,0
MA,First Bristol & Plymouth District,2014,D,-1,26022.0,13787.0,0
MA,First Essex & Middlesex District,2014,R,-1,0,57641.0,0
MA,First Essex District,2014,D,-1,30107.0,25830.0,0
MA,First Hampden & Hampshire District,2014,D,-1,28153.0,24964.0,2705.0
MA,First Middlesex & Norfolk District,2014,D,-1,43655.0,0,0
MA,First Middlesex District,2014,D,-1,32835.0,0,0
MA,First Plymouth & Bristol District,2014,D,-1,31538.0,20174.0,0
MA,First Suffolk & Middlesex District,2014,D,-1,30523.0,0,0
MA,First Suffolk District,2014,D,-1,32298.0,0,6119.0
MA,First Worcester District,2014,D,-1,27576.0,18179.0,0
MA,Fourth Middlesex District,2014,D,-1,45974.0,0,0
MA,Hampden District,2014,D,-1,25271.0,0,0
MA,"Hampshire, Franklin & Worcester District",2014,D,-1,44012.0,0,0
MA,Middlesex & Suffolk District,2014,D,-1,31575.0,0,0
MA,Middlesex & Worcester District,2014,D,-1,45379.0,0,0
MA,Norfolk & Plymouth District,2014,D,-1,32679.0,16786.0,0
MA,Norfolk & Suffolk District,2014,D,-1,42954.0,0,0
MA,"Norfolk, Bristol & Middlesex District",2014,R,-1,22267.0,34952.0,0
MA,"Norfolk, Bristol & Plymouth District",2014,D,-1,41348.0,0,0
MA,Plymouth & Barnstable District,2014,R,-1,22053.0,38250.0,2272.0
MA,Plymouth & Norfolk District,2014,R,-1,0,55294.0,0
MA,Second Bristol & Plymouth District,2014,D,-1,29945.0,0,0
MA,Second Essex & Middlesex District,2014,D,-1,24559.0,21529.0,0
MA,Second Essex District,2014,D,-1,44386.0,0,0
MA,Second Hampden & Hampshire District,2014,R,-1,21275.0,27817.0,0
MA,Second Middlesex & Norfolk District,2014,D,-1,38191.0,0,0
MA,Second Middlesex District,2014,D,-1,41685.0,13406.0,0
MA,Second Plymouth & Bristol District,2014,D,-1,29522.0,14883.0,0
MA,Second Suffolk & Middlesex District,2014,D,-1,30514.0,0,0
MA,Second Suffolk District,2014,D,-1,33742.0,3733.0,0
MA,Second Worcester District,2014,D,-1,37909.0,0,0
MA,Third Essex District,2014,D,-1,39528.0,0,0
MA,Third Middlesex District,2014,D,-1,34750.0,23911.0,0
MA,Worcester & Middlesex District,2014,D,-1,29133.0,19074.0,0
MA,Worcester & Norfolk District,2014,R,-1,23662.0,29774.0,0
MA,"Worcester, Hampden, Hampshire & Middlesex District",2014,D,-1,27847.0,27449.0,0
MD,District 1,2014,R,-1,0,1.0,0
MD,District 10,2014,D,-1,30643.0,0,0
MD,District 11,2014,D,-1,1.0,0,0
MD,District 12,2014,D,-1,21986.0,15481.0,0
MD,District 13,2014,D,-1,25026.0,15126.0,0
MD,District 14,2014,D,-1,22225.0,16399.0,0
MD,District 15,2014,D,-1,19925.0,13028.0,0
MD,District 16,2014,D,-1,231191112196.0,0,0
MD,District 17,2014,D,-1,18526.0,8496.0,0
MD,District 18,2014,D,-1,1.0,0,0
MD,District 19,2014,D,-1,22030.0,10446.0,0
MD,District 2,2014,R,-1,0,1.0,0
MD,District 20,2014,D,-1,1.0,0,0
MD,District 21,2014,D,-1,1.0,0,0
MD,District 22,2014,D,-1,21471.0,3245.0,0
MD,District 23,2014,D,-1,1.0,0,0
MD,District 24,2014,D,-1,1.0,0,0
MD,District 25,2014,D,-1,29708.0,1902.0,0
MD,District 26,2014,D,-1,29753.0,3370.0,0
MD,District 27,2014,D,-1,28667.0,17168.0,0
MD,District 28,2014,D,-1,27300.0,13493.0,0
MD,District 29,2014,R,-1,17065.0,22183.0,0
MD,District 3,2014,D,-1,18307.0,17693.0,0
MD,District 30,2014,D,-1,22461.0,21284.0,0
MD,District 31,2014,R,-1,10929.0,28338.0,0
MD,District 32,2014,D,-1,19102.0,13270.0,0
MD,District 33,2014,R,-1,0,1.0,0
MD,District 34,2014,R,-1,16459.0,22042.0,0
MD,District 35,2014,R,-1,10944.0,31065.0,0
MD,District 36,2014,R,-1,13612.0,27876.0,0
MD,District 37,2014,R,-1,13532.0,26397.0,0
MD,District 38,2014,D,-1,20221.0,18868.0,0
MD,District 39,2014,D,-1,1.0,0,0
MD,District 4,2014,R,-1,14873.0,31414.0,0
MD,District 40,2014,D,-1,1.0,0,0
MD,District 41,2014,D,-1,1.0,0,0
MD,District 42,2014,D,-1,23976.0,22409.0,0
MD,District 43,2014,D,-1,1.0,0,0
MD,District 44,2014,D,-1,26261.0,6412.0,0
MD,District 45,2014,D,-1,1.0,0,0
MD,District 46,2014,D,-1,17397.0,0,0
MD,District 47,2014,D,-1,1.0,0,0
MD,District 5,2014,R,-1,10203.0,37406.0,0
MD,District 6,2014,R,-1,14065.0,14916.0,2285.0
MD,District 7,2014,R,-1,12502.0,36913.0,0
MD,District 8,2014,D,-1,23638.0,14938.0,0
MD,District 9,2014,R,-1,17132.0,33109.0,0
ME,  1  ,2016,D,-1,9589.0,9018.0,0
ME,  10  ,2016,R,-1,0.0,11305.0,8445.0
ME,  11  ,2016,R,-1,11138.0,11947.0,0
ME,  12  ,2016,D,-1,11608.0,10823.0,0
ME,  13  ,2016,R,-1,10909.0,12131.0,0
ME,  14  ,2016,D,-1,9816.0,8082.0,4012.0
ME,  15  ,2016,R,-1,4516.0,15154.0,0
ME,  16  ,2016,R,-1,8846.0,10378.0,0
ME,  17  ,2016,R,-1,5752.0,14975.0,0
ME,  18  ,2016,R,-1,9040.0,11603.0,0
ME,  19  ,2016,R,-1,7272.0,13396.0,0
ME,  2  ,2016,D,-1,9899.0,9013.0,0
ME,  20  ,2016,R,-1,8214.0,13047.0,0
ME,  21  ,2016,D,-1,1.0,0.0,0
ME,  22  ,2016,R,-1,6777.0,13774.0,0
ME,  23  ,2016,D,-1,12038.0,10712.0,0
ME,  24  ,2016,D,-1,14833.0,10056.0,0
ME,  25  ,2016,D,-1,15546.0,11247.0,0
ME,  26  ,2016,D,-1,13081.0,8026.0,0
ME,  27  ,2016,D,-1,14929.0,3562.0,3712.0
ME,  28  ,2016,D,-1,15375.0,6161.0,0
ME,  29  ,2016,D,-1,13684.0,0.0,8196.0
ME,  3  ,2016,R,-1,8557.0,9981.0,0
ME,  30  ,2016,R,-1,9960.0,14621.0,0
ME,  31  ,2016,D,-1,12332.0,9043.0,0
ME,  32  ,2016,D,-1,11880.0,8249.0,0
ME,  33  ,2016,R,-1,7922.0,11672.0,0
ME,  34  ,2016,R,-1,10584.0,13164.0,0
ME,  35  ,2016,D,-1,14609.0,9964.0,0
ME,  4  ,2016,R,-1,5137.0,13525.0,0
ME,  5  ,2016,D,-1,12117.0,7241.0,0
ME,  6  ,2016,R,-1,8057.0,10349.0,0
ME,  7  ,2016,R,-1,10476.0,13218.0,0
ME,  8  ,2016,R,-1,0.0,1.0,0
ME,  9  ,2016,D,-1,10962.0,7911.0,0
ME,District 1,2014,R,-1,7107.0,7935.0,0
ME,District 10,2014,R,-1,4597.0,10434.0,0
ME,District 11,2014,R,-1,8974.0,9109.0,0
ME,District 12,2014,D,-1,9162.0,8434.0,0
ME,District 13,2014,D,-1,9492.0,9146.0,0
ME,District 14,2014,R,-1,7219.0,9741.0,1504.0
ME,District 15,2014,R,-1,4600.0,11938.0,0
ME,District 16,2014,R,-1,6936.0,8523.0,0
ME,District 17,2014,R,-1,4869.0,12529.0,0
ME,District 18,2014,D,-1,9136.0,7714.0,0
ME,District 19,2014,R,-1,6234.0,10386.0,0
ME,District 2,2014,R,-1,7394.0,7626.0,0
ME,District 20,2014,R,-1,7144.0,10138.0,0
ME,District 21,2014,D,-1,6646.0,6563.0,0
ME,District 22,2014,R,-1,7264.0,9633.0,0
ME,District 23,2014,R,-1,7880.0,8916.0,2243.0
ME,District 24,2014,D,-1,9779.0,6933.0,3518.0
ME,District 25,2014,D,-1,10930.0,10898.0,0
ME,District 26,2014,D,-1,10389.0,6087.0,0
ME,District 27,2014,D,-1,11376.0,2612.0,2852.0
ME,District 28,2014,D,-1,11934.0,0,4185.0
ME,District 29,2014,D,-1,9926.0,6527.0,2073.0
ME,District 3,2014,R,-1,5004.0,10103.0,0
ME,District 30,2014,R,-1,9139.0,10295.0,0
ME,District 31,2014,D,-1,9785.0,6604.0,0
ME,District 32,2014,D,-1,8740.0,7067.0,0
ME,District 33,2014,R,-1,6033.0,8736.0,0
ME,District 34,2014,R,-1,6600.0,8523.0,2305.0
ME,District 35,2014,D,-1,10701.0,7142.0,0
ME,District 4,2014,R,-1,3804.0,11615.0,0
ME,District 5,2014,D,-1,8638.0,6052.0,0
ME,District 6,2014,R,-1,6796.0,8474.0,0
ME,District 7,2014,R,-1,8458.0,10384.0,0
ME,District 8,2014,R,-1,7569.0,9671.0,0
ME,District 9,2014,D,-1,7538.0,6677.0,0
MI,District 1,2014,D,-1,48510.0,19021.0,0
MI,District 10,2014,R,-1,30657.0,51465.0,0
MI,District 11,2014,D,-1,70862.0,22846.0,2994.0
MI,District 12,2014,R,-1,37067.0,50117.0,0
MI,District 13,2014,R,-1,42892.0,59570.0,0
MI,District 14,2014,R,-1,34502.0,46826.0,0
MI,District 15,2014,R,-1,37489.0,52797.0,0
MI,District 16,2014,R,-1,26823.0,41667.0,0
MI,District 17,2014,R,-1,34706.0,38442.0,2039.0
MI,District 18,2014,D,-1,61421.0,23745.0,0
MI,District 19,2014,R,-1,27951.0,44798.0,0
MI,District 2,2014,D,-1,41452.0,14354.0,2088.0
MI,District 20,2014,R,-1,36571.0,36630.0,7263.0
MI,District 21,2014,R,-1,25090.0,45586.0,0
MI,District 22,2014,R,-1,37709.0,58380.0,3108.0
MI,District 23,2014,D,-1,50824.0,26076.0,0
MI,District 24,2014,R,-1,42776.0,55332.0,0
MI,District 25,2014,R,-1,36832.0,46553.0,0
MI,District 26,2014,R,-1,26782.0,47244.0,2944.0
MI,District 27,2014,D,-1,51291.0,15062.0,0
MI,District 28,2014,R,-1,25131.0,53221.0,2115.0
MI,District 29,2014,R,-1,34278.0,47200.0,0
MI,District 3,2014,D,-1,45546.0,11086.0,0
MI,District 30,2014,R,-1,24940.0,62338.0,0
MI,District 31,2014,R,-1,38086.0,45699.0,0
MI,District 32,2014,R,-1,41539.0,49452.0,0
MI,District 33,2014,R,-1,27235.0,36420.0,0
MI,District 34,2014,R,-1,31246.0,39129.0,0
MI,District 35,2014,R,-1,34872.0,51299.0,0
MI,District 36,2014,R,-1,32788.0,51849.0,0
MI,District 37,2014,R,-1,35031.0,54981.0,0
MI,District 38,2014,R,-1,31277.0,50690.0,0
MI,District 4,2014,D,-1,49970.0,11047.0,0
MI,District 5,2014,D,-1,59680.0,13286.0,0
MI,District 6,2014,D,-1,42835.0,25919.0,0
MI,District 7,2014,R,-1,47110.0,52567.0,0
MI,District 8,2014,R,-1,34279.0,55304.0,0
MI,District 9,2014,D,-1,48146.0,22699.0,0
MN,  1  ,2016,R,-1,14501.0,23108.0,0
MN,  10  ,2016,R,-1,15440.0,27923.0,0
MN,  11  ,2016,D,-1,20519.0,17079.0,0
MN,  12  ,2016,R,-1,13515.0,28254.0,0
MN,  13  ,2016,R,-1,13338.0,29235.0,0
MN,  14  ,2016,R,-1,17378.0,17519.0,2021.0
MN,  15  ,2016,R,-1,11672.0,28373.0,0
MN,  16  ,2016,R,-1,12651.0,26086.0,0
MN,  17  ,2016,R,-1,16713.0,22421.0,0
MN,  18  ,2016,R,-1,13148.0,26341.0,0
MN,  19  ,2016,D,-1,22875.0,15057.0,2798.0
MN,  2  ,2016,R,-1,17002.0,22232.0,0
MN,  20  ,2016,R,-1,20577.0,22274.0,0
MN,  21  ,2016,R,-1,19282.0,22901.0,0
MN,  22  ,2016,R,-1,10910.0,25769.0,0
MN,  23  ,2016,R,-1,11529.0,28063.0,0
MN,  24  ,2016,R,-1,15463.0,21885.0,0
MN,  25  ,2016,R,-1,15555.0,26839.0,0
MN,  26  ,2016,R,-1,18317.0,23325.0,0
MN,  27  ,2016,D,-1,20540.0,16944.0,0
MN,  28  ,2016,R,-1,14793.0,25217.0,0
MN,  29  ,2016,R,-1,13992.0,27249.0,0
MN,  3  ,2016,D,-1,26977.0,16923.0,0
MN,  30  ,2016,R,-1,11979.0,30483.0,0
MN,  31  ,2016,R,-1,13919.0,29650.0,0
MN,  32  ,2016,R,-1,18388.0,23992.0,0
MN,  33  ,2016,R,-1,17335.0,30175.0,3080.0
MN,  34  ,2016,R,-1,19263.0,29229.0,0
MN,  35  ,2016,R,-1,14216.0,29655.0,0
MN,  36  ,2016,D,-1,21793.0,20840.0,0
MN,  37  ,2016,D,-1,22129.0,20838.0,0
MN,  38  ,2016,R,-1,19094.0,27109.0,0
MN,  39  ,2016,R,-1,18237.0,28960.0,0
MN,  4  ,2016,D,-1,21420.0,17382.0,0
MN,  40  ,2016,D,-1,21152.0,9905.0,0
MN,  41  ,2016,D,-1,25096.0,15939.0,0
MN,  42  ,2016,D,-1,24962.0,21008.0,0
MN,  43  ,2016,D,-1,24347.0,15149.0,3197.0
MN,  44  ,2016,R,-1,25114.0,25309.0,0
MN,  45  ,2016,D,-1,27509.0,15588.0,0
MN,  46  ,2016,D,-1,1.0,0.0,0
MN,  47  ,2016,R,-1,14981.0,30920.0,0
MN,  48  ,2016,D,-1,24303.0,23205.0,0
MN,  49  ,2016,D,-1,28273.0,23557.0,0
MN,  5  ,2016,R,-1,19687.0,20240.0,0
MN,  50  ,2016,D,-1,24921.0,16805.0,0
MN,  51  ,2016,D,-1,24358.0,20662.0,0
MN,  52  ,2016,D,-1,25448.0,18485.0,0
MN,  53  ,2016,D,-1,23035.0,22636.0,0
MN,  54  ,2016,D,-1,22162.0,19480.0,0
MN,  55  ,2016,R,-1,13282.0,29132.0,0
MN,  56  ,2016,R,-1,19178.0,23602.0,0
MN,  57  ,2016,D,-1,24519.0,21633.0,0
MN,  58  ,2016,D,-1,22833.0,22446.0,0
MN,  59  ,2016,D,-1,27541.0,7814.0,0
MN,  6  ,2016,D,-1,26260.0,15555.0,0
MN,  60  ,2016,D,-1,31542.0,0.0,8861.0
MN,  61  ,2016,D,-1,43045.0,9924.0,0
MN,  62  ,2016,D,-1,29564.0,3897.0,0
MN,  63  ,2016,D,-1,38470.0,9068.0,0
MN,  64  ,2016,D,-1,36757.0,11078.0,0
MN,  65  ,2016,D,-1,27743.0,6479.0,0
MN,  66  ,2016,D,-1,28312.0,9670.0,0
MN,  67  ,2016,D,-1,21696.0,7091.0,0
MN,  7  ,2016,D,-1,27677.0,14470.0,0
MN,  8  ,2016,R,-1,14892.0,29302.0,0
MN,  9  ,2016,R,-1,11191.0,27749.0,0
MO,  1  ,2016,D,-1,48926.0,43227.0,0
MO,  11  ,2016,D,-1,33071.0,30318.0,0
MO,  13  ,2016,D,-1,1.0,0.0,0
MO,  15  ,2016,R,-1,40193.0,62988.0,0
MO,  17  ,2016,R,-1,32422.0,51262.0,0
MO,  19  ,2016,R,-1,43179.0,45335.0,0
MO,  21  ,2016,R,-1,19988.0,50288.0,4077.0
MO,  23  ,2016,R,-1,34651.0,56870.0,3014.0
MO,  25  ,2016,R,-1,19607.0,44373.0,0
MO,  27  ,2016,R,-1,19486.0,56750.0,0
MO,  29  ,2016,R,-1,0.0,1.0,0
MO,  3  ,2016,R,-1,0.0,54414.0,12555.0
MO,  31  ,2016,R,-1,0.0,57296.0,10007.0
MO,  33  ,2016,R,-1,0.0,1.0,0
MO,  4  ,2016,D,-1,1.0,1.0,1.0
MO,  5  ,2016,D,-1,53339.0,0.0,9195.0
MO,  7  ,2016,D,-1,60759.0,0.0,15931.0
MO,  9  ,2016,D,-1,1.0,0.0,0
MO,District 1,2014,R,-1,0,37607.0,0
MO,District 10,2014,R,-1,13856.0,28871.0,0
MO,District 12,2014,R,-1,0,39006.0,0
MO,District 14,2014,D,-1,30203.0,0,1869.0
MO,District 16,2014,R,-1,0,31829.0,0
MO,District 18,2014,R,-1,0,39460.0,0
MO,District 20,2014,R,-1,0,40191.0,0
MO,District 22,2014,R,-1,18774.0,22208.0,0
MO,District 24,2014,D,-1,28022.0,26196.0,1727.0
MO,District 26,2014,R,-1,13808.0,37219.0,0
MO,District 28,2014,R,-1,0,34573.0,0
MO,District 30,2014,R,-1,0,27207.0,0
MO,District 32,2014,R,-1,0,32558.0,0
MO,District 34,2014,R,-1,18923.0,24139.0,0
MO,District 4,2014,D,-1,29041.0,11206.0,0
MO,District 6,2014,R,-1,9937.0,37561.0,0
MO,District 8,2014,R,-1,0,31432.0,0
MT,  10  ,2016,R,-1,2352.0,7851.0,0
MT,  15  ,2016,R,-1,2351.0,7806.0,0
MT,  16  ,2016,D,-1,3752.0,2783.0,0
MT,  17  ,2016,R,-1,2215.0,7732.0,0
MT,  18  ,2016,R,-1,0.0,1.0,0
MT,  2  ,2016,R,-1,0.0,1.0,0
MT,  21  ,2016,R,-1,3087.0,3277.0,0
MT,  23  ,2016,R,-1,3404.0,6652.0,0
MT,  25  ,2016,D,-1,3591.0,3495.0,0
MT,  26  ,2016,D,-1,7658.0,7614.0,0
MT,  28  ,2016,R,-1,2839.0,5743.0,0
MT,  3  ,2016,R,-1,4946.0,6511.0,0
MT,  31  ,2016,D,-1,1.0,0.0,0
MT,  35  ,2016,R,-1,0.0,1.0,0
MT,  36  ,2016,R,-1,0.0,1.0,0
MT,  37  ,2016,D,-1,1.0,0.0,0
MT,  38  ,2016,D,-1,6113.0,5314.0,0
MT,  39  ,2016,D,-1,4686.0,3494.0,623.0
MT,  40  ,2016,R,-1,5509.0,6135.0,0
MT,  44  ,2016,R,-1,3258.0,7614.0,0
MT,  45  ,2016,D,-1,6372.0,3459.0,0
MT,  46  ,2016,D,-1,7003.0,3804.0,0
MT,  47  ,2016,R,-1,4443.0,4836.0,0
MT,  6  ,2016,R,-1,2862.0,7370.0,0
MT,  7  ,2016,R,-1,3300.0,6761.0,0
MT,District 1,2014,R,-1,1666.0,5583.0,0
MT,District 11,2014,R,-1,2988.0,3494.0,0
MT,District 12,2014,D,-1,3010.0,2596.0,0
MT,District 13,2014,R,-1,2283.0,2385.0,0
MT,District 14,2014,R,-1,3196.0,4080.0,0
MT,District 19,2014,R,-1,2438.0,5222.0,0
MT,District 20,2014,R,-1,1447.0,6279.0,0
MT,District 22,2014,R,-1,2280.0,4106.0,0
MT,District 24,2014,D,-1,3581.0,3049.0,0
MT,District 27,2014,R,-1,2506.0,6351.0,0
MT,District 29,2014,R,-1,2879.0,5605.0,0
MT,District 30,2014,R,-1,2684.0,5861.0,0
MT,District 32,2014,R,-1,3030.0,3840.0,0
MT,District 33,2014,D,-1,4012.0,2474.0,451.0
MT,District 34,2014,R,-1,1963.0,4518.0,0
MT,District 4,2014,R,-1,1836.0,3960.0,0
MT,District 41,2014,D,-1,1.0,0,0
MT,District 42,2014,D,-1,4028.0,3451.0,0
MT,District 43,2014,R,-1,2445.0,5929.0,0
MT,District 48,2014,D,-1,3528.0,2590.0,0
MT,District 49,2014,D,-1,3933.0,3902.0,0
MT,District 5,2014,R,-1,1809.0,5129.0,0
MT,District 50,2014,D,-1,1.0,0,0
MT,District 8,2014,D,-1,2713.0,1295.0,0
MT,District 9,2014,R,-1,1801.0,5647.0,0
NC,  1  ,2016,R,-1,36759.0,53138.0,0
NC,  10  ,2016,R,-1,0.0,1.0,0
NC,  11  ,2016,R,-1,35394.0,55765.0,0
NC,  12  ,2016,R,-1,33426.0,45228.0,0
NC,  13  ,2016,R,-1,27940.0,34126.0,0
NC,  14  ,2016,D,-1,1.0,0.0,0
NC,  15  ,2016,R,-1,53905.0,58999.0,5081.0
NC,  16  ,2016,D,-1,68842.0,36530.0,0
NC,  17  ,2016,R,-1,58063.0,59105.0,5191.0
NC,  18  ,2016,R,-1,46105.0,57121.0,0
NC,  19  ,2016,R,-1,31149.0,40359.0,0
NC,  2  ,2016,R,-1,39505.0,58032.0,0
NC,  20  ,2016,D,-1,71865.0,0.0,16202.0
NC,  21  ,2016,D,-1,49081.0,19338.0,0
NC,  22  ,2016,D,-1,74693.0,39198.0,0
NC,  23  ,2016,D,-1,79520.0,37322.0,0
NC,  24  ,2016,R,-1,33456.0,51833.0,0
NC,  25  ,2016,R,-1,30416.0,53621.0,0
NC,  26  ,2016,R,-1,0.0,1.0,0
NC,  27  ,2016,R,-1,47731.0,54512.0,0
NC,  28  ,2016,D,-1,74232.0,14265.0,0
NC,  29  ,2016,R,-1,0.0,1.0,0
NC,  3  ,2016,D,-1,1.0,0.0,0
NC,  30  ,2016,R,-1,22435.0,59602.0,0
NC,  31  ,2016,R,-1,0.0,1.0,0
NC,  32  ,2016,D,-1,1.0,0.0,0
NC,  33  ,2016,R,-1,23809.0,59367.0,0
NC,  34  ,2016,R,-1,0.0,1.0,0
NC,  35  ,2016,R,-1,0.0,1.0,0
NC,  36  ,2016,R,-1,35664.0,59584.0,0
NC,  37  ,2016,D,-1,57804.0,27279.0,0
NC,  38  ,2016,D,-1,67059.0,17764.0,0
NC,  39  ,2016,R,-1,44655.0,58739.0,0
NC,  4  ,2016,D,-1,56584.0,27038.0,0
NC,  40  ,2016,D,-1,61481.0,13032.0,0
NC,  41  ,2016,R,-1,41453.0,55519.0,4938.0
NC,  42  ,2016,R,-1,0.0,1.0,0
NC,  43  ,2016,R,-1,0.0,1.0,0
NC,  44  ,2016,R,-1,0.0,71114.0,20881.0
NC,  45  ,2016,R,-1,30559.0,56758.0,0
NC,  46  ,2016,R,-1,27106.0,52997.0,0
NC,  47  ,2016,R,-1,30364.0,56021.0,0
NC,  48  ,2016,R,-1,37596.0,61455.0,0
NC,  49  ,2016,D,-1,71828.0,0.0,24672.0
NC,  5  ,2016,D,-1,1.0,0.0,0
NC,  50  ,2016,R,-1,35476.0,59028.0,0
NC,  6  ,2016,R,-1,0.0,1.0,0
NC,  7  ,2016,R,-1,0.0,1.0,0
NC,  8  ,2016,R,-1,0.0,1.0,0
NC,  9  ,2016,R,-1,44743.0,60173.0,0
NC,District 1,2014,R,-1,27957.0,32143.0,0
NC,District 10,2014,R,-1,18779.0,31239.0,0
NC,District 11,2014,R,-1,0,1.0,0
NC,District 12,2014,R,-1,21169.0,26903.0,0
NC,District 13,2014,D,-1,24076.0,14276.0,0
NC,District 14,2014,D,-1,1.0,0,0
NC,District 15,2014,R,-1,40665.0,41366.0,0
NC,District 16,2014,D,-1,42422.0,20791.0,0
NC,District 17,2014,R,-1,31476.0,44292.0,0
NC,District 18,2014,R,-1,30861.0,34646.0,0
NC,District 19,2014,R,-1,19781.0,23636.0,0
NC,District 2,2014,R,-1,23925.0,36562.0,0
NC,District 20,2014,D,-1,1.0,0,0
NC,District 21,2014,D,-1,1.0,0,0
NC,District 22,2014,D,-1,47978.0,23491.0,0
NC,District 23,2014,D,-1,53652.0,25021.0,0
NC,District 24,2014,R,-1,0,1.0,0
NC,District 25,2014,R,-1,26632.0,28496.0,1412.0
NC,District 26,2014,R,-1,27845.0,40352.0,0
NC,District 27,2014,R,-1,0,1.0,0
NC,District 28,2014,D,-1,1.0,0,0
NC,District 29,2014,R,-1,16901.0,41100.0,0
NC,District 3,2014,D,-1,1.0,0,0
NC,District 30,2014,R,-1,14572.0,35783.0,0
NC,District 31,2014,R,-1,24922.0,45915.0,0
NC,District 32,2014,D,-1,1.0,0,0
NC,District 33,2014,R,-1,0,1.0,0
NC,District 34,2014,R,-1,19533.0,38010.0,0
NC,District 35,2014,R,-1,0,1.0,0
NC,District 36,2014,R,-1,0,1.0,0
NC,District 37,2014,D,-1,1.0,0,0
NC,District 38,2014,D,-1,35366.0,9003.0,0
NC,District 39,2014,R,-1,0,1.0,0
NC,District 4,2014,D,-1,37590.0,19796.0,0
NC,District 40,2014,D,-1,1.0,0,0
NC,District 41,2014,R,-1,23255.0,35572.0,0
NC,District 42,2014,R,-1,0,31869.0,21703.0
NC,District 43,2014,R,-1,0,1.0,0
NC,District 44,2014,R,-1,0,1.0,0
NC,District 45,2014,R,-1,21941.0,33165.0,0
NC,District 46,2014,R,-1,21363.0,30373.0,0
NC,District 47,2014,R,-1,0,1.0,0
NC,District 48,2014,R,-1,27925.0,37664.0,0
NC,District 49,2014,D,-1,42347.0,26745.0,0
NC,District 5,2014,D,-1,1.0,0,0
NC,District 50,2014,R,-1,28974.0,33820.0,0
NC,District 6,2014,R,-1,0,1.0,0
NC,District 7,2014,R,-1,16924.0,37323.0,0
NC,District 8,2014,R,-1,29707.0,39402.0,0
NC,District 9,2014,R,-1,28637.0,35517.0,0
ND,  10  ,2016,R,-1,2352.0,4246.0,0
ND,  12  ,2016,D,-1,3673.0,2563.0,0
ND,  14  ,2016,R,-1,1987.0,5598.0,0
ND,  16  ,2016,R,-1,3790.0,4466.0,0
ND,  18  ,2016,R,-1,2562.0,2983.0,0
ND,  2  ,2016,R,-1,0.0,8921.0,0
ND,  20  ,2016,R,-1,2717.0,3723.0,0
ND,  22  ,2016,R,-1,2615.0,6279.0,0
ND,  24  ,2016,D,-1,3431.0,3271.0,0
ND,  26  ,2016,D,-1,3451.0,3287.0,0
ND,  28  ,2016,R,-1,1250.0,6241.0,0
ND,  30  ,2016,R,-1,2056.0,4975.0,0
ND,  32  ,2016,R,-1,2295.0,4360.0,0
ND,  34  ,2016,R,-1,1994.0,5783.0,0
ND,  36  ,2016,R,-1,0.0,7020.0,0
ND,  38  ,2016,R,-1,0.0,5904.0,0
ND,  4  ,2016,R,-1,2382.0,4697.0,0
ND,  40  ,2016,R,-1,1224.0,3255.0,0
ND,  42  ,2016,R,-1,2073.0,2281.0,0
ND,  44  ,2016,D,-1,3733.0,3590.0,0
ND,  46  ,2016,R,-1,3897.0,3934.0,0
ND,  6  ,2016,R,-1,3385.0,4133.0,0
ND,  8  ,2016,R,-1,0.0,6259.0,2072.0
ND,District 1,2014,R,-1,0,3632.0,0
ND,District 11,2014,D,-1,3768.0,0,0
ND,District 13,2014,R,-1,1708.0,3638.0,0
ND,District 15,2014,R,-1,0,4327.0,0
ND,District 17,2014,R,-1,0,4869.0,0
ND,District 19,2014,R,-1,1679.0,3109.0,0
ND,District 21,2014,D,-1,2130.0,1551.0,0
ND,District 23,2014,D,-1,2946.0,2300.0,0
ND,District 25,2014,R,-1,2436.0,2593.0,0
ND,District 27,2014,R,-1,2071.0,2985.0,0
ND,District 29,2014,R,-1,2299.0,3576.0,0
ND,District 3,2014,R,-1,1934.0,2510.0,0
ND,District 31,2014,R,-1,1764.0,3684.0,0
ND,District 33,2014,R,-1,0,5358.0,0
ND,District 35,2014,D,-1,3658.0,2781.0,0
ND,District 37,2014,R,-1,0,4392.0,0
ND,District 39,2014,R,-1,1794.0,5155.0,0
ND,District 41,2014,R,-1,2497.0,2900.0,0
ND,District 43,2014,R,-1,1841.0,2102.0,0
ND,District 45,2014,R,-1,1964.0,2543.0,0
ND,District 47,2014,R,-1,2334.0,4788.0,0
ND,District 5,2014,R,-1,1305.0,3487.0,0
ND,District 7,2014,R,-1,0,5653.0,0
ND,District 9,2014,D,-1,2452.0,0,0
NH,  1  ,2016,D,-1,13926.0,11590.0,0
NH,  10  ,2016,D,-1,17713.0,10273.0,0
NH,  11  ,2016,R,-1,13227.0,17235.0,0
NH,  12  ,2016,R,-1,15120.0,15942.0,0
NH,  13  ,2016,D,-1,14619.0,9897.0,0
NH,  14  ,2016,R,-1,9989.0,17793.0,0
NH,  15  ,2016,D,-1,17658.0,10913.0,0
NH,  16  ,2016,D,-1,15118.0,14503.0,0
NH,  17  ,2016,R,-1,11522.0,18252.0,0
NH,  18  ,2016,D,-1,13299.0,10869.0,0
NH,  19  ,2016,R,-1,11825.0,16505.0,0
NH,  2  ,2016,R,-1,13244.0,15546.0,0
NH,  20  ,2016,D,-1,13187.0,8695.0,0
NH,  21  ,2016,D,-1,20883.0,10607.0,0
NH,  22  ,2016,R,-1,11270.0,18717.0,0
NH,  23  ,2016,R,-1,13343.0,17337.0,0
NH,  24  ,2016,R,-1,16373.0,17844.0,0
NH,  3  ,2016,R,-1,11111.0,20091.0,0
NH,  4  ,2016,D,-1,15144.0,12283.0,0
NH,  5  ,2016,D,-1,18809.0,9998.0,0
NH,  6  ,2016,R,-1,11793.0,14481.0,0
NH,  7  ,2016,R,-1,13863.0,13880.0,0
NH,  8  ,2016,R,-1,14289.0,16150.0,0
NH,  9  ,2016,R,-1,14727.0,17073.0,0
NH,District 1,2014,D,-1,10829.0,7166.0,0
NH,District 10,2014,D,-1,14034.0,0,0
NH,District 11,2014,R,-1,8575.0,12754.0,0
NH,District 12,2014,R,-1,10517.0,10839.0,0
NH,District 13,2014,D,-1,8729.0,6628.0,0
NH,District 14,2014,R,-1,6689.0,11742.0,0
NH,District 15,2014,D,-1,13352.0,7154.0,0
NH,District 16,2014,R,-1,9255.0,11666.0,0
NH,District 17,2014,R,-1,8382.0,11669.0,0
NH,District 18,2014,D,-1,8266.0,7268.0,0
NH,District 19,2014,R,-1,7275.0,11561.0,0
NH,District 2,2014,R,-1,7521.0,12657.0,0
NH,District 20,2014,D,-1,7973.0,5787.0,0
NH,District 21,2014,D,-1,12423.0,7987.0,0
NH,District 22,2014,R,-1,6777.0,12928.0,0
NH,District 23,2014,R,-1,8915.0,12030.0,0
NH,District 24,2014,R,-1,9816.0,14990.0,0
NH,District 3,2014,R,-1,7950.0,14409.0,0
NH,District 4,2014,D,-1,10121.0,8067.0,0
NH,District 5,2014,D,-1,18474.0,0,0
NH,District 6,2014,R,-1,7640.0,9882.0,0
NH,District 7,2014,D,-1,9578.0,9423.0,0
NH,District 8,2014,R,-1,9649.0,12033.0,0
NH,District 9,2014,R,-1,10804.0,12310.0,0
NJ,District 1,2013,R,-1,56569.0,53442.0,0
NJ,District 10,2013,R,-1,40305.0,87213.0,0
NJ,District 11,2013,R,-1,40374.0,58669.0,0
NJ,District 12,2013,R,-1,33431.0,63247.0,1354.0
NJ,District 13,2013,R,-1,38466.0,76372.0,796.0
NJ,District 14,2013,D,-1,63040.0,54368.0,1677.0
NJ,District 15,2013,D,-1,57957.0,34739.0,0
NJ,District 16,2013,R,-1,48794.0,63668.0,1202.0
NJ,District 17,2013,D,-1,47094.0,26043.0,0
NJ,District 18,2013,D,-1,49182.0,42076.0,1068.0
NJ,District 19,2013,D,-1,46797.0,25557.0,0
NJ,District 2,2013,R,-1,49064.0,51144.0,1388.0
NJ,District 20,2013,D,-1,38107.0,14988.0,0
NJ,District 21,2013,R,-1,41174.0,75870.0,0
NJ,District 22,2013,D,-1,46410.0,35791.0,0
NJ,District 23,2013,R,-1,34376.0,71062.0,0
NJ,District 24,2013,R,-1,31294.0,72492.0,0
NJ,District 25,2013,R,-1,0,68929.0,13635.0
NJ,District 26,2013,R,-1,37099.0,70380.0,0
NJ,District 27,2013,D,-1,59899.0,50110.0,0
NJ,District 28,2013,D,-1,52090.0,15327.0,0
NJ,District 29,2013,D,-1,29904.0,7860.0,0
NJ,District 3,2013,D,-1,60919.0,49917.0,0
NJ,District 30,2013,R,-1,26865.0,76954.0,0
NJ,District 31,2013,D,-1,35831.0,12813.0,0
NJ,District 32,2013,D,-1,39178.0,15797.0,0
NJ,District 33,2013,D,-1,39710.0,15428.0,0
NJ,District 34,2013,D,-1,53897.0,17317.0,0
NJ,District 35,2013,D,-1,41986.0,15796.0,0
NJ,District 36,2013,D,-1,41651.0,30645.0,0
NJ,District 37,2013,D,-1,52954.0,26326.0,0
NJ,District 38,2013,D,-1,52300.0,51801.0,0
NJ,District 39,2013,R,-1,43235.0,70553.0,0
NJ,District 4,2013,D,-1,55622.0,42700.0,0
NJ,District 40,2013,R,-1,40321.0,72317.0,0
NJ,District 5,2013,D,-1,49928.0,34811.0,0
NJ,District 6,2013,D,-1,64598.0,43546.0,0
NJ,District 7,2013,D,-1,69750.0,55224.0,0
NJ,District 8,2013,R,-1,44126.0,66653.0,0
NJ,District 9,2013,R,-1,39226.0,89385.0,0
NM,  1  ,2016,R,-1,4834.0,11170.0,0
NM,  10  ,2016,R,-1,10151.0,10530.0,0
NM,  11  ,2016,D,-1,8776.0,0.0,0
NM,  12  ,2016,D,-1,12922.0,0.0,0
NM,  13  ,2016,D,-1,14089.0,7294.0,0
NM,  14  ,2016,D,-1,9668.0,0.0,0
NM,  15  ,2016,D,-1,11321.0,8981.0,0
NM,  16  ,2016,D,-1,16721.0,0.0,0
NM,  17  ,2016,D,-1,8456.0,0.0,0
NM,  18  ,2016,D,-1,12203.0,11750.0,0
NM,  19  ,2016,R,-1,9415.0,14905.0,0
NM,  2  ,2016,R,-1,0.0,15057.0,0
NM,  20  ,2016,R,-1,0.0,16893.0,0
NM,  21  ,2016,R,-1,11087.0,14164.0,0
NM,  22  ,2016,D,-1,12472.0,0.0,0
NM,  23  ,2016,R,-1,11001.0,11794.0,0
NM,  24  ,2016,D,-1,16155.0,0.0,0
NM,  25  ,2016,D,-1,26958.0,0.0,0
NM,  26  ,2016,D,-1,11330.0,0.0,0
NM,  27  ,2016,R,-1,0.0,12589.0,0
NM,  28  ,2016,D,-1,15063.0,0.0,0
NM,  29  ,2016,R,-1,7348.0,8965.0,0
NM,  3  ,2016,D,-1,12519.0,0.0,0
NM,  30  ,2016,D,-1,11973.0,0.0,0
NM,  31  ,2016,D,-1,9443.0,0.0,0
NM,  32  ,2016,R,-1,0.0,8480.0,0
NM,  33  ,2016,R,-1,0.0,14648.0,0
NM,  34  ,2016,R,-1,0.0,11542.0,0
NM,  35  ,2016,D,-1,12502.0,0.0,0
NM,  36  ,2016,D,-1,10579.0,7158.0,0
NM,  37  ,2016,D,-1,11374.0,9131.0,0
NM,  38  ,2016,D,-1,9588.0,4713.0,0
NM,  39  ,2016,D,-1,9622.0,9250.0,0
NM,  4  ,2016,D,-1,12029.0,0.0,0
NM,  40  ,2016,R,-1,10099.0,12490.0,0
NM,  41  ,2016,R,-1,0.0,9006.0,0
NM,  42  ,2016,R,-1,0.0,15206.0,0
NM,  5  ,2016,D,-1,15535.0,0.0,0
NM,  6  ,2016,D,-1,17697.0,0.0,0
NM,  7  ,2016,R,-1,0.0,12778.0,0
NM,  8  ,2016,D,-1,14258.0,0.0,0
NM,  9  ,2016,D,-1,12727.0,12529.0,0
NV,  1  ,2016,D,-1,33688.0,17800.0,0
NV,  11  ,2016,D,-1,22439.0,14221.0,2229.0
NV,  13  ,2016,D,-1,27280.0,15811.0,2406.0
NV,  15  ,2016,R,-1,26773.0,33822.0,3266.0
NV,  18  ,2016,R,-1,26864.0,34805.0,0
NV,  19  ,2016,R,-1,0.0,36877.0,13664.0
NV,  3  ,2016,D,-1,21195.0,11057.0,2889.0
NV,  4  ,2016,D,-1,29912.0,0.0,0
NV,  5  ,2016,D,-1,26208.0,25739.0,2784.0
NV,  6  ,2016,D,-1,28733.0,27697.0,0
NV,  7  ,2016,D,-1,28431.0,0.0,12454.0
NV,District 1,2014,D,-1,5683.0,0,1758.0
NV,District 10,2014,D,-1,8143.0,0,4409.0
NV,District 12,2014,R,-1,0,28657.0,0
NV,District 13,2014,D,-1,12943.0,8432.0,0
NV,District 14,2014,R,-1,10690.0,24994.0,0
NV,District 16,2014,R,-1,12021.0,27225.0,2691.0
NV,District 17,2014,R,-1,0,35979.0,0
NV,District 20,2014,R,-1,10959.0,16715.0,0
NV,District 21,2014,D,-1,9597.0,8328.0,0
NV,District 8,2014,R,-1,11092.0,16205.0,1119.0
NV,District 9,2014,R,-1,10116.0,12475.0,0
NY,District 1,2014,R,-1,24154.0,56473.0,0
NY,District 10,2014,D,-1,29398.0,0,0
NY,District 11,2014,D,-1,29359.0,0,2813.0
NY,District 12,2014,D,-1,25981.0,0,3752.0
NY,District 13,2014,D,-1,19968.0,0,0
NY,District 14,2014,D,-1,37466.0,0,0
NY,District 15,2014,D,-1,20924.0,16877.0,0
NY,District 16,2014,D,-1,21166.0,0,0
NY,District 17,2014,D,-1,29489.0,0,0
NY,District 18,2014,D,-1,21352.0,0,4889.0
NY,District 19,2014,D,-1,29741.0,0,4809.0
NY,District 2,2014,R,-1,22530.0,50533.0,0
NY,District 20,2014,D,-1,32040.0,0,1445.0
NY,District 21,2014,D,-1,42967.0,0,2022.0
NY,District 22,2014,R,-1,10633.0,23580.0,0
NY,District 23,2014,D,-1,27726.0,0,0
NY,District 24,2014,R,-1,11547.0,47225.0,0
NY,District 25,2014,D,-1,44194.0,0,0
NY,District 26,2014,D,-1,32459.0,5067.0,0
NY,District 27,2014,D,-1,46129.0,7829.0,0
NY,District 28,2014,D,-1,42094.0,0,14943.0
NY,District 29,2014,D,-1,30502.0,3589.0,0
NY,District 3,2014,R,-1,24200.0,33861.0,0
NY,District 30,2014,D,-1,44971.0,2338.0,0
NY,District 31,2014,D,-1,37089.0,0,0
NY,District 32,2014,D,-1,27531.0,0,1153.0
NY,District 33,2014,D,-1,19809.0,1126.0,342.0
NY,District 34,2014,D,-1,31295.0,6103.0,3595.0
NY,District 35,2014,D,-1,43862.0,15811.0,0
NY,District 36,2014,D,-1,37166.0,2388.0,766.0
NY,District 37,2014,D,-1,38092.0,34913.0,0
NY,District 38,2014,D,-1,47520.0,21171.0,0
NY,District 39,2014,R,-1,19271.0,46012.0,0
NY,District 4,2014,R,-1,18282.0,38461.0,0
NY,District 40,2014,R,-1,37875.0,46884.0,0
NY,District 41,2014,R,-1,38625.0,42267.0,0
NY,District 42,2014,R,-1,0,49787.0,0
NY,District 43,2014,R,-1,32901.0,59394.0,0
NY,District 44,2014,D,-1,55929.0,0,0
NY,District 45,2014,R,-1,0,62472.0,0
NY,District 46,2014,R,-1,42009.0,53553.0,0
NY,District 47,2014,R,-1,0,52464.0,0
NY,District 48,2014,R,-1,0,55300.0,0
NY,District 49,2014,R,-1,29983.0,51892.0,0
NY,District 5,2014,R,-1,29732.0,46476.0,738.0
NY,District 50,2014,R,-1,0,74807.0,0
NY,District 51,2014,R,-1,0,61157.0,0
NY,District 52,2014,R,-1,27980.0,46070.0,0
NY,District 53,2014,D,-1,51052.0,0,0
NY,District 54,2014,R,-1,0,67873.0,0
NY,District 55,2014,R,-1,38624.0,54874.0,0
NY,District 56,2014,R,-1,0,51815.0,0
NY,District 57,2014,R,-1,0,65998.0,0
NY,District 58,2014,R,-1,0,56805.0,0
NY,District 59,2014,R,-1,0,71629.0,0
NY,District 6,2014,R,-1,24702.0,42314.0,0
NY,District 60,2014,D,-1,26415.0,24966.0,29530.0
NY,District 61,2014,R,-1,26836.0,51711.0,0
NY,District 62,2014,R,-1,21678.0,47606.0,1840.0
NY,District 63,2014,D,-1,42278.0,11973.0,0
NY,District 7,2014,R,-1,30873.0,40465.0,0
NY,District 8,2014,R,-1,2810423201422.0,41881.0,0
NY,District 9,2014,R,-1,26026.0,50142.0,0
OH,  10  ,2016,R,-1,53239.0,99477.0,0
OH,  12  ,2016,R,-1,0.0,1.0,0
OH,  14  ,2016,R,-1,44014.0,112706.0,0
OH,  16  ,2016,R,-1,76077.0,109454.0,0
OH,  18  ,2016,R,-1,57446.0,107972.0,0
OH,  2  ,2016,R,-1,59882.0,118232.0,0
OH,  20  ,2016,R,-1,0.0,1.0,0
OH,  22  ,2016,R,-1,49218.0,113666.0,0
OH,  24  ,2016,R,-1,77383.0,107500.0,0
OH,  26  ,2016,R,-1,0.0,1.0,0
OH,  28  ,2016,D,-1,83805.0,53117.0,0
OH,  30  ,2016,R,-1,75450.0,84747.0,0
OH,  32  ,2016,D,-1,78451.0,60671.0,0
OH,  4  ,2016,R,-1,50580.0,105810.0,0
OH,  6  ,2016,R,-1,53584.0,114168.0,0
OH,  8  ,2016,R,-1,62693.0,106215.0,0
OH,District 1,2014,R,-1,0,1.0,0
OH,District 11,2014,D,-1,48838.0,27002.0,0
OH,District 13,2014,R,-1,33028.0,57261.0,0
OH,District 15,2014,D,-1,54942.0,16974.0,0
OH,District 17,2014,R,-1,0,1.0,0
OH,District 19,2014,R,-1,39240.0,61513.0,0
OH,District 21,2014,D,-1,64579.0,9938.0,0
OH,District 23,2014,D,-1,44221.0,26684.0,0
OH,District 25,2014,D,-1,67651.0,21928.0,0
OH,District 27,2014,R,-1,30610.0,64259.0,0
OH,District 29,2014,R,-1,30491.0,60743.0,0
OH,District 3,2014,R,-1,32877.0,51707.0,0
OH,District 31,2014,R,-1,31766.0,59107.0,0
OH,District 33,2014,D,-1,1.0,0,0
OH,District 5,2014,R,-1,38781.0,51475.0,0
OH,District 7,2014,R,-1,0,1.0,0
OH,District 9,2014,D,-1,48839.0,36611.0,0
OK,  1  ,2016,R,-1,11590.0,16933.0,0
OK,  11  ,2016,D,-1,1.0,0.0,0
OK,  12  ,2016,R,-1,0.0,1.0,0
OK,  13  ,2016,R,-1,10393.0,18686.0,0
OK,  15  ,2016,R,-1,0.0,21069.0,12811.0
OK,  17  ,2016,R,-1,0.0,1.0,0
OK,  19  ,2016,R,-1,5719.0,19877.0,3292.0
OK,  21  ,2016,R,-1,0.0,1.0,0
OK,  23  ,2016,R,-1,7120.0,24087.0,0
OK,  25  ,2016,R,-1,10398.0,28362.0,0
OK,  27  ,2016,R,-1,0.0,1.0,0
OK,  29  ,2016,R,-1,11419.0,21704.0,0
OK,  3  ,2016,R,-1,10695.0,16091.0,0
OK,  31  ,2016,R,-1,7737.0,17828.0,0
OK,  33  ,2016,R,-1,11128.0,23087.0,0
OK,  35  ,2016,R,-1,0.0,19737.0,10690.0
OK,  37  ,2016,R,-1,12729.0,17671.0,1325.0
OK,  39  ,2016,R,-1,16793.0,19002.0,0
OK,  41  ,2016,R,-1,13215.0,25751.0,1815.0
OK,  43  ,2016,R,-1,8290.0,25395.0,0
OK,  45  ,2016,R,-1,0.0,1.0,0
OK,  47  ,2016,R,-1,15445.0,22858.0,2249.0
OK,  5  ,2016,R,-1,10987.0,14665.0,0
OK,  7  ,2016,R,-1,12867.0,16209.0,0
OK,  9  ,2016,R,-1,12828.0,13641.0,0
OK,District 1,2014,R,-1,0,1.0,0
OK,District 10,2014,R,-1,0,1.0,0
OK,District 12,2014,R,-1,0,1.0,0
OK,District 14,2014,R,-1,3988.0,13112.0,0
OK,District 16,2014,D,-1,1.0,0,0
OK,District 18,2014,R,-1,5347.0,11730.0,0
OK,District 20,2014,R,-1,0,1.0,0
OK,District 22,2014,R,-1,0,1.0,0
OK,District 24,2014,R,-1,0,1.0,0
OK,District 26,2014,R,-1,7500.0,12781.0,0
OK,District 28,2014,R,-1,5054.0,12781.0,0
OK,District 30,2014,R,-1,0,1.0,0
OK,District 32,2014,D,-1,1.0,0,0
OK,District 34,2014,R,-1,0,1.0,0
OK,District 36,2014,R,-1,0,1.0,0
OK,District 38,2014,R,-1,0,1.0,0
OK,District 4,2014,R,-1,6827.0,9107.0,0
OK,District 40,2014,R,-1,8753.0,10473.0,0
OK,District 42,2014,R,-1,5357.0,10042.0,1245.0
OK,District 44,2014,R,-1,4384.0,5418.0,680.0
OK,District 46,2014,D,-1,1.0,0,0
OK,District 48,2014,D,-1,14254.0,2917.0,0
OK,District 5,2014,R,-1,7159.0,8505.0,0
OK,District 6,2014,R,-1,7904.0,9523.0,339.0
OK,District 8,2014,R,-1,7148.0,9055.0,0
OR,  1  ,2016,R,-1,16476.0,45775.0,0
OR,  12  ,2016,R,-1,23441.0,39908.0,0
OR,  14  ,2016,D,-1,1.0,0.0,0
OR,  18  ,2016,D,-1,1.0,0.0,0
OR,  2  ,2016,R,-1,0.0,1.0,0
OR,  21  ,2016,D,-1,54520.0,0.0,10390.0
OR,  22  ,2016,D,-1,60803.0,0.0,5321.0
OR,  23  ,2016,D,-1,1.0,0.0,0
OR,  25  ,2016,D,-1,25339.0,18742.0,1854.0
OR,  27  ,2016,R,-1,28933.0,44691.0,0
OR,  28  ,2016,R,-1,23153.0,37119.0,0
OR,  29  ,2016,R,-1,0.0,37785.0,9114.0
OR,  3  ,2016,R,-1,32585.0,32980.0,0
OR,  30  ,2016,R,-1,17001.0,40237.0,0
OR,  5  ,2016,D,-1,30388.0,30039.0,2568.0
OR,  9  ,2016,R,-1,15907.0,40655.0,2503.0
OR,District 1,2014,D,-1,27678.0,23700.0,1917.0
OR,District 10,2014,R,-1,0,38129.0,5315.0
OR,District 11,2014,D,-1,16179.0,13442.0,0
OR,District 13,2014,R,-1,19434.0,27638.0,0
OR,District 15,2014,D,-1,18156.0,17869.0,3593.0
OR,District 16,2014,D,-1,34324.0,0,14489.0
OR,District 17,2014,D,-1,30677.0,15697.0,0
OR,District 19,2014,D,-1,39529.0,0,0
OR,District 20,2014,R,-1,23930.0,26705.0,0
OR,District 23,2014,D,-1,40948.0,0,6097.0
OR,District 24,2014,D,-1,22491.0,0,0
OR,District 26,2014,R,-1,18641.0,24422.0,0
OR,District 4,2014,D,-1,30601.0,20119.0,2010.0
OR,District 6,2014,D,-1,26080.0,17999.0,0
OR,District 7,2014,D,-1,30550.0,0,0
OR,District 8,2014,D,-1,27826.0,21922.0,0
PA,  1  ,2016,D,-1,1.0,0.0,0
PA,  11  ,2016,D,-1,1.0,0.0,0
PA,  13  ,2016,R,-1,48476.0,66595.0,0
PA,  15  ,2016,R,-1,58591.0,62774.0,0
PA,  17  ,2016,D,-1,88827.0,50010.0,0
PA,  19  ,2016,D,-1,75615.0,58456.0,0
PA,  21  ,2016,R,-1,0.0,1.0,0
PA,  23  ,2016,R,-1,0.0,1.0,0
PA,  25  ,2016,R,-1,25686.0,76416.0,0
PA,  27  ,2016,R,-1,0.0,1.0,0
PA,  29  ,2016,R,-1,0.0,1.0,0
PA,  3  ,2016,D,-1,1.0,0.0,0
PA,  31  ,2016,R,-1,38478.0,87269.0,9331.0
PA,  33  ,2016,R,-1,0.0,1.0,0
PA,  35  ,2016,R,-1,41349.0,68397.0,0
PA,  37  ,2016,R,-1,59044.0,90987.0,0
PA,  39  ,2016,R,-1,0.0,1.0,0
PA,  41  ,2016,R,-1,30739.0,76843.0,4701.0
PA,  43  ,2016,D,-1,1.0,0.0,0
PA,  45  ,2016,D,-1,1.0,0.0,0
PA,  47  ,2016,R,-1,0.0,1.0,0
PA,  49  ,2016,R,-1,50356.0,57790.0,0
PA,  5  ,2016,D,-1,64508.0,31644.0,0
PA,  7  ,2016,D,-1,1.0,0.0,0
PA,  9  ,2016,R,-1,67011.0,70764.0,0
PA,District 1,2014,D,-1,35405.0,9464.0,0
PA,District 10,2014,R,-1,34967.0,49605.0,0
PA,District 12,2014,R,-1,29123.0,50319.0,0
PA,District 14,2014,D,-1,1.0,0,0
PA,District 16,2014,R,-1,22146.0,36745.0,0
PA,District 18,2014,D,-1,1.0,0,0
PA,District 20,2014,R,-1,0,1.0,0
PA,District 22,2014,D,-1,45716.0,21213.0,0
PA,District 24,2014,R,-1,28041.0,41885.0,0
PA,District 26,2014,R,-1,42170.0,45910.0,0
PA,District 28,2014,R,-1,25205.0,46247.0,0
PA,District 30,2014,R,-1,0,1.0,0
PA,District 32,2014,R,-1,27428.0,36670.0,0
PA,District 34,2014,R,-1,0,1.0,0
PA,District 36,2014,R,-1,20686.0,54058.0,0
PA,District 38,2014,R,-1,0,1.0,0
PA,District 4,2014,D,-1,78001.0,16498.0,1355.0
PA,District 40,2014,R,-1,25739.0,38417.0,0
PA,District 42,2014,D,-1,1.0,0,0
PA,District 44,2014,R,-1,30597.0,48655.0,0
PA,District 46,2014,R,-1,32237.0,36697.0,0
PA,District 48,2014,R,-1,0,1.0,0
PA,District 50,2014,R,-1,21701.0,41500.0,0
PA,District 6,2014,R,-1,27997.0,45361.0,0
PA,District 8,2014,D,-1,1.0,0,0
RI,  1  ,2016,D,-1,6267.0,1244.0,0
RI,  10  ,2016,D,-1,8296.0,0.0,3741.0
RI,  11  ,2016,D,-1,6621.0,6135.0,0
RI,  12  ,2016,D,-1,7911.0,5059.0,0
RI,  13  ,2016,D,-1,7609.0,0.0,3584.0
RI,  14  ,2016,D,-1,1.0,0.0,0
RI,  15  ,2016,D,-1,1.0,0.0,0
RI,  16  ,2016,D,-1,1.0,0.0,0
RI,  17  ,2016,R,-1,6942.0,7224.0,0
RI,  18  ,2016,D,-1,1.0,0.0,0
RI,  19  ,2016,D,-1,7135.0,5686.0,0
RI,  2  ,2016,D,-1,1.0,0.0,0
RI,  20  ,2016,D,-1,1.0,0.0,0
RI,  21  ,2016,R,-1,6101.0,8282.0,0
RI,  22  ,2016,D,-1,7290.0,5357.0,0
RI,  23  ,2016,D,-1,7628.0,5475.0,0
RI,  24  ,2016,D,-1,1.0,0.0,0
RI,  25  ,2016,D,-1,8219.0,0.0,4246.0
RI,  26  ,2016,D,-1,1.0,0.0,0
RI,  27  ,2016,D,-1,7276.0,5779.0,0
RI,  28  ,2016,D,-1,1.0,0.0,0
RI,  29  ,2016,D,-1,8341.0,0.0,4585.0
RI,  3  ,2016,D,-1,1.0,0.0,0
RI,  30  ,2016,D,-1,1.0,0.0,0
RI,  31  ,2016,D,-1,1.0,0.0,0
RI,  32  ,2016,D,-1,8012.0,6873.0,0
RI,  33  ,2016,D,-1,6824.0,0.0,6418.0
RI,  34  ,2016,R,-1,6444.0,7856.0,0
RI,  35  ,2016,R,-1,0.0,1.0,0
RI,  36  ,2016,D,-1,1.0,0.0,0
RI,  37  ,2016,D,-1,7577.0,0.0,5236.0
RI,  38  ,2016,R,-1,0.0,1.0,0
RI,  4  ,2016,D,-1,1.0,0.0,0
RI,  5  ,2016,D,-1,1.0,0.0,0
RI,  6  ,2016,D,-1,6383.0,0.0,966.0
RI,  7  ,2016,D,-1,1.0,0.0,0
RI,  8  ,2016,D,-1,1.0,0.0,0
RI,  9  ,2016,D,-1,1.0,0.0,0
RI,District 1,2014,D,-1,4488.0,0,0
RI,District 10,2014,D,-1,7191.0,0,0
RI,District 11,2014,R,-1,0,6138.0,2294.0
RI,District 12,2014,D,-1,7204.0,0,0
RI,District 13,2014,D,-1,5117.0,4187.0,0
RI,District 14,2014,D,-1,5370.0,0,0
RI,District 15,2014,D,-1,3840.0,1093.0,0
RI,District 16,2014,D,-1,2455.0,0,392.0
RI,District 17,2014,O,-1,3862.0,0,6344.0
RI,District 18,2014,D,-1,6345.0,0,0
RI,District 19,2014,D,-1,6835.0,0,0
RI,District 2,2014,D,-1,4373.0,0,0
RI,District 20,2014,D,-1,5117.0,0,0
RI,District 21,2014,R,-1,3880.0,5979.0,1015.0
RI,District 22,2014,D,-1,6091.0,3447.0,0
RI,District 23,2014,D,-1,5125.0,0,3503.0
RI,District 24,2014,D,-1,3795.0,0,1390.0
RI,District 25,2014,D,-1,7306.0,0,0
RI,District 26,2014,D,-1,6615.0,0,0
RI,District 27,2014,D,-1,6162.0,3942.0,0
RI,District 28,2014,D,-1,5996.0,0,0
RI,District 29,2014,D,-1,7706.0,0,0
RI,District 3,2014,D,-1,7233.0,0,0
RI,District 30,2014,D,-1,5554.0,0,3748.0
RI,District 31,2014,D,-1,6149.0,0,3473.0
RI,District 32,2014,D,-1,5968.0,5120.0,0
RI,District 33,2014,D,-1,5431.0,4365.0,0
RI,District 34,2014,R,-1,4788.0,5280.0,0
RI,District 35,2014,R,-1,5046.0,5941.0,0
RI,District 36,2014,D,-1,8274.0,0,0
RI,District 37,2014,D,-1,7631.0,0,0
RI,District 38,2014,R,-1,0,7805.0,0
RI,District 4,2014,D,-1,6443.0,0,0
RI,District 5,2014,D,-1,4826.0,0,0
RI,District 6,2014,D,-1,4283.0,0,630.0
RI,District 7,2014,D,-1,4545.0,0,0
RI,District 8,2014,D,-1,4388.0,0,0
RI,District 9,2014,D,-1,4090.0,0,3241.0
SC,  1  ,2016,R,-1,0.0,33175.0,0
SC,  10  ,2016,D,-1,19331.0,18342.0,0
SC,  11  ,2016,D,-1,20825.0,17225.0,0
SC,  12  ,2016,R,-1,0.0,41352.0,0
SC,  13  ,2016,R,-1,0.0,36239.0,0
SC,  14  ,2016,R,-1,0.0,36427.0,0
SC,  15  ,2016,R,-1,0.0,39584.0,0
SC,  16  ,2016,R,-1,0.0,44508.0,0
SC,  17  ,2016,D,-1,23735.0,20762.0,0
SC,  18  ,2016,R,-1,0.0,43288.0,0
SC,  19  ,2016,D,-1,35946.0,0.0,0
SC,  2  ,2016,R,-1,0.0,36944.0,0
SC,  20  ,2016,R,-1,0.0,30267.0,10166.0
SC,  21  ,2016,D,-1,30294.0,0.0,0
SC,  22  ,2016,D,-1,26530.0,21696.0,0
SC,  23  ,2016,R,-1,0.0,32393.0,0
SC,  24  ,2016,R,-1,0.0,38279.0,0
SC,  25  ,2016,R,-1,0.0,34890.0,0
SC,  26  ,2016,D,-1,21702.0,15392.0,0
SC,  27  ,2016,D,-1,27101.0,0.0,0
SC,  28  ,2016,R,-1,0.0,35257.0,0
SC,  29  ,2016,D,-1,28519.0,0.0,0
SC,  3  ,2016,R,-1,0.0,40287.0,0
SC,  30  ,2016,D,-1,31560.0,0.0,0
SC,  31  ,2016,R,-1,0.0,32439.0,0
SC,  32  ,2016,D,-1,31164.0,0.0,0
SC,  33  ,2016,R,-1,0.0,36270.0,0
SC,  34  ,2016,R,-1,0.0,45945.0,0
SC,  35  ,2016,D,-1,31113.0,0.0,0
SC,  36  ,2016,D,-1,24725.0,15024.0,0
SC,  37  ,2016,R,-1,0.0,39314.0,0
SC,  38  ,2016,R,-1,0.0,34034.0,0
SC,  39  ,2016,D,-1,30716.0,0.0,0
SC,  4  ,2016,R,-1,0.0,28064.0,0
SC,  40  ,2016,D,-1,34069.0,0.0,0
SC,  41  ,2016,R,-1,0.0,39313.0,0
SC,  42  ,2016,D,-1,29289.0,0.0,0
SC,  43  ,2016,R,-1,0.0,39056.0,0
SC,  44  ,2016,R,-1,0.0,30795.0,0
SC,  45  ,2016,D,-1,29994.0,0.0,0
SC,  46  ,2016,R,-1,0.0,42931.0,0
SC,  5  ,2016,R,-1,0.0,39364.0,0
SC,  6  ,2016,R,-1,0.0,31732.0,5556.0
SC,  7  ,2016,D,-1,21518.0,13209.0,0
SC,  8  ,2016,R,-1,0.0,42425.0,0
SC,  9  ,2016,R,-1,0.0,32168.0,0
SD,  1  ,2016,D,-1,6849.0,0.0,0
SD,  10  ,2016,R,-1,4141.0,6205.0,0
SD,  11  ,2016,R,-1,4481.0,6944.0,0
SD,  12  ,2016,R,-1,4432.0,6221.0,0
SD,  13  ,2016,R,-1,4502.0,6997.0,0
SD,  14  ,2016,R,-1,0.0,7747.0,3536.0
SD,  15  ,2016,D,-1,3666.0,0.0,0
SD,  16  ,2016,R,-1,3122.0,8274.0,0
SD,  17  ,2016,R,-1,3965.0,5023.0,0
SD,  18  ,2016,D,-1,5765.0,0.0,0
SD,  19  ,2016,R,-1,2408.0,8636.0,0
SD,  2  ,2016,R,-1,0.0,7839.0,0
SD,  20  ,2016,R,-1,3644.0,6666.0,0
SD,  21  ,2016,D,-1,6701.0,0.0,0
SD,  22  ,2016,R,-1,2408.0,6754.0,0
SD,  23  ,2016,R,-1,0.0,8445.0,0
SD,  24  ,2016,R,-1,0.0,8124.0,0
SD,  25  ,2016,R,-1,4301.0,7254.0,0
SD,  26  ,2016,D,-1,4601.0,0.0,0
SD,  27  ,2016,D,-1,3940.0,0.0,0
SD,  28  ,2016,R,-1,0.0,6989.0,0
SD,  29  ,2016,R,-1,0.0,6557.0,3522.0
SD,  3  ,2016,R,-1,4031.0,6364.0,0
SD,  30  ,2016,R,-1,3653.0,9176.0,0
SD,  31  ,2016,R,-1,0.0,8681.0,0
SD,  32  ,2016,R,-1,3359.0,6764.0,0
SD,  33  ,2016,R,-1,4767.0,7651.0,0
SD,  34  ,2016,R,-1,3889.0,7292.0,0
SD,  35  ,2016,R,-1,0.0,6137.0,0
SD,  4  ,2016,R,-1,4416.0,6739.0,0
SD,  5  ,2016,R,-1,0.0,6838.0,0
SD,  6  ,2016,R,-1,3482.0,7697.0,0
SD,  7  ,2016,R,-1,2887.0,5569.0,0
SD,  8  ,2016,R,-1,5776.0,5870.0,0
SD,  9  ,2016,R,-1,3398.0,6426.0,0
SD,District 1,2014,D,-1,5653.0,0,0
SD,District 10,2014,R,-1,2513.0,4272.0,0
SD,District 11,2014,R,-1,3071.0,4545.0,0
SD,District 12,2014,R,-1,2836.0,4265.0,0
SD,District 13,2014,R,-1,0,6145.0,0
SD,District 14,2014,R,-1,0,6023.0,0
SD,District 15,2014,D,-1,2349.0,0,0
SD,District 16,2014,R,-1,3543.0,4442.0,0
SD,District 17,2014,R,-1,2798.0,3873.0,0
SD,District 18,2014,D,-1,4300.0,3403.0,0
SD,District 19,2014,R,-1,0,6629.0,0
SD,District 2,2014,R,-1,4136.0,4584.0,0
SD,District 20,2014,R,-1,0,5931.0,0
SD,District 21,2014,D,-1,5821.0,0,0
SD,District 22,2014,R,-1,2199.0,5180.0,0
SD,District 23,2014,R,-1,0,6827.0,0
SD,District 24,2014,R,-1,3811.0,5478.0,0
SD,District 25,2014,R,-1,2577.0,5492.0,0
SD,District 26,2014,D,-1,3747.0,2883.0,0
SD,District 27,2014,D,-1,3860.0,0,0
SD,District 28,2014,R,-1,3317.0,3997.0,0
SD,District 29,2014,R,-1,0,5617.0,0
SD,District 3,2014,R,-1,3596.0,4074.0,0
SD,District 30,2014,R,-1,0,7084.0,0
SD,District 31,2014,R,-1,0,6318.0,0
SD,District 32,2014,R,-1,0,5134.0,0
SD,District 33,2014,R,-1,2743.0,5016.0,0
SD,District 34,2014,R,-1,0,6776.0,0
SD,District 35,2014,R,-1,0,3901.0,0
SD,District 4,2014,D,-1,5464.0,0,0
SD,District 5,2014,R,-1,0,5724.0,0
SD,District 6,2014,R,-1,1915.0,4877.0,0
SD,District 7,2014,R,-1,2223.0,3729.0,0
SD,District 8,2014,D,-1,4542.0,4188.0,0
SD,District 9,2014,R,-1,0,4241.0,0
TN,  10  ,2016,R,-1,31043.0,39308.0,0
TN,  12  ,2016,R,-1,0.0,1.0,0
TN,  14  ,2016,R,-1,18259.0,53082.0,0
TN,  16  ,2016,R,-1,22205.0,46846.0,0
TN,  18  ,2016,R,-1,0.0,1.0,0
TN,  2  ,2016,R,-1,0.0,1.0,0
TN,  20  ,2016,R,-1,41172.0,52966.0,0
TN,  22  ,2016,R,-1,20406.0,41497.0,0
TN,  24  ,2016,R,-1,0.0,1.0,0
TN,  26  ,2016,R,-1,0.0,1.0,0
TN,  28  ,2016,R,-1,0.0,51251.0,17460.0
TN,  30  ,2016,D,-1,1.0,0.0,0
TN,  32  ,2016,R,-1,0.0,1.0,0
TN,  4  ,2016,R,-1,0.0,1.0,0
TN,  6  ,2016,R,-1,0.0,1.0,0
TN,  8  ,2016,R,-1,0.0,1.0,0
TN,District 1,2014,R,-1,0,29698.0,0
TN,District 11,2014,R,-1,0,37386.0,0
TN,District 13,2014,R,-1,0,29489.0,0
TN,District 15,2014,R,-1,10263.0,33674.0,2022.0
TN,District 17,2014,R,-1,0,35454.0,0
TN,District 19,2014,D,-1,23235.0,4701.0,2937.0
TN,District 21,2014,D,-1,25402.0,12714.0,0
TN,District 23,2014,R,-1,0,45732.0,9366.0
TN,District 25,2014,R,-1,12316.0,29337.0,0
TN,District 27,2014,R,-1,13515.0,23331.0,1918.0
TN,District 29,2014,D,-1,27707.0,6123.0,0
TN,District 3,2014,R,-1,0,32508.0,0
TN,District 30,2014,D,-1,18377.0,7044.0,858.0
TN,District 31,2014,R,-1,0,39646.0,0
TN,District 33,2014,D,-1,24839.0,0,0
TN,District 5,2014,R,-1,0,37302.0,0
TN,District 7,2014,R,-1,14880.0,27942.0,0
TN,District 9,2014,R,-1,0,31748.0,0
TX,  1  ,2016,R,-1,0.0,245648.0,0
TX,  11  ,2016,R,-1,0.0,218201.0,0
TX,  12  ,2016,R,-1,0.0,241232.0,49465.0
TX,  13  ,2016,D,-1,178277.0,0.0,14447.0
TX,  18  ,2016,R,-1,0.0,229051.0,37965.0
TX,  19  ,2016,D,-1,134997.0,97682.0,8948.0
TX,  20  ,2016,D,-1,132128.0,82098.0,0
TX,  21  ,2016,D,-1,160959.0,0.0,0
TX,  22  ,2016,R,-1,88769.0,211380.0,0
TX,  24  ,2016,R,-1,81836.0,214568.0,0
TX,  26  ,2016,D,-1,155441.0,0.0,12535.0
TX,  27  ,2016,D,-1,135945.0,0.0,0
TX,  28  ,2016,R,-1,0.0,205512.0,0
TX,  29  ,2016,D,-1,167169.0,0.0,0
TX,  4  ,2016,R,-1,0.0,239869.0,34791.0
TX,  6  ,2016,D,-1,119891.0,0.0,0
TX,District 1,2014,R,-1,0,99925.0,19626.0
TX,District 10,2014,R,-1,80872.0,95532.0,4434.0
TX,District 14,2014,D,-1,154391.0,0,38648.0
TX,District 15,2014,D,-1,74192.0,48249.0,2947.0
TX,District 16,2014,R,-1,0,1.0,0
TX,District 17,2014,R,-1,60934.0,113817.0,4945.0
TX,District 23,2014,D,-1,99102.0,23520.0,2204.0
TX,District 25,2014,R,-1,75012.0,153536.0,7106.0
TX,District 3,2014,R,-1,0,140069.0,14605.0
TX,District 30,2014,R,-1,0,140240.0,21599.0
TX,District 31,2014,R,-1,0,107030.0,11355.0
TX,District 5,2014,R,-1,54286.0,112930.0,6595.0
TX,District 7,2014,R,-1,45230.0,123551.0,3244.0
TX,District 8,2014,R,-1,0,114498.0,30312.0
TX,District 9,2014,R,-1,47965.0,89331.0,0
UT,  1  ,2016,D,-1,11957.0,8372.0,0
UT,  10  ,2016,R,-1,13442.0,31762.0,0
UT,  13  ,2016,R,-1,0.0,1.0,0
UT,  14  ,2016,R,-1,0.0,34681.0,3776.0
UT,  16  ,2016,R,-1,0.0,21489.0,5092.0
UT,  19  ,2016,R,-1,16381.0,20994.0,0
UT,  20  ,2016,R,-1,10757.0,24296.0,0
UT,  23  ,2016,R,-1,13953.0,29883.0,0
UT,  24  ,2016,R,-1,0.0,1.0,0
UT,  25  ,2016,R,-1,0.0,1.0,0
UT,  27  ,2016,R,-1,11626.0,26199.0,0
UT,  29  ,2016,R,-1,9114.0,32177.0,0
UT,  6  ,2016,R,-1,12682.0,19325.0,2266.0
UT,  7  ,2016,R,-1,5589.0,28592.0,0
UT,  8  ,2016,R,-1,17577.0,23533.0,0
UT,District 1,2014,D,-1,16446.0,5724.0,0
UT,District 11,2014,R,-1,7713.0,13195.0,0
UT,District 12,2014,R,-1,5998.0,8548.0,0
UT,District 15,2014,R,-1,2548.0,11290.0,0
UT,District 17,2014,R,-1,2949.0,14431.0,1939.0
UT,District 18,2014,R,-1,4155.0,11603.0,0
UT,District 21,2014,R,-1,3309.0,11950.0,0
UT,District 22,2014,R,-1,4417.0,16605.0,1643.0
UT,District 26,2014,R,-1,6622.0,15249.0,0
UT,District 28,2014,R,-1,0,16613.0,0
UT,District 3,2014,D,-1,12961.0,0,0
UT,District 4,2014,D,-1,19602.0,13084.0,0
UT,District 5,2014,D,-1,10225.0,0,0
UT,District 9,2014,R,-1,9943.0,15822.0,0
VA,District 1,2015,O,-1,0,0,30267.0
VA,District 10,2015,O,-1,0,0,55487.0
VA,District 11,2015,O,-1,0,0,42703.0
VA,District 12,2015,O,-1,0,0,44182.0
VA,District 13,2015,O,-1,0,0,49442.0
VA,District 14,2015,O,-1,0,0,15371.0
VA,District 15,2015,O,-1,0,0,32745.0
VA,District 16,2015,O,-1,0,0,23421.0
VA,District 17,2015,O,-1,0,0,39434.0
VA,District 18,2015,O,-1,0,0,20321.0
VA,District 19,2015,O,-1,0,0,50992.0
VA,District 2,2015,O,-1,0,0,17459.0
VA,District 20,2015,O,-1,0,0,39156.0
VA,District 21,2015,O,-1,0,0,40945.0
VA,District 22,2015,O,-1,0,0,24913.0
VA,District 23,2015,O,-1,0,0,27309.0
VA,District 24,2015,O,-1,0,0,34980.0
VA,District 25,2015,O,-1,0,0,34419.0
VA,District 26,2015,O,-1,0,0,36350.0
VA,District 27,2015,O,-1,0,0,34203.0
VA,District 28,2015,O,-1,0,0,30187.0
VA,District 29,2015,O,-1,0,0,30620.0
VA,District 3,2015,O,-1,0,0,50952.0
VA,District 30,2015,O,-1,0,0,34705.0
VA,District 31,2015,O,-1,0,0,42277.0
VA,District 32,2015,O,-1,0,0,31156.0
VA,District 33,2015,O,-1,0,0,32767.0
VA,District 34,2015,O,-1,0,0,27690.0
VA,District 35,2015,O,-1,0,0,24809.0
VA,District 36,2015,O,-1,0,0,30210.0
VA,District 37,2015,O,-1,0,0,34182.0
VA,District 38,2015,O,-1,0,0,31025.0
VA,District 39,2015,O,-1,0,0,37184.0
VA,District 4,2015,O,-1,0,0,37882.0
VA,District 40,2015,O,-1,0,0,36838.0
VA,District 5,2015,O,-1,0,0,13955.0
VA,District 6,2015,O,-1,0,0,28124.0
VA,District 7,2015,O,-1,0,0,33700.0
VA,District 8,2015,O,-1,0,0,26980.0
VA,District 9,2015,O,-1,0,0,31067.0
VT, Addison ,2016,R,-1,1.0,11988.0,7330.0
VT, Bennington ,2016,R,-1,1.0,11507.0,0.0
VT, Caledonia ,2016,O,-1,1.0,12383.0,13351.0
VT, Chittenden ,2016,O,-1,1.0,40467.0,42367.0
VT, Essex-Orleans ,2016,R,-1,1.0,9381.0,5199.0
VT, Franklin ,2016,O,-1,1.0,8537.0,9426.0
VT, Grand Isle ,2016,R,-1,1.0,9771.0,0.0
VT, Lamoille ,2016,O,-1,1.0,5492.0,6219.0
VT, Orange ,2016,R,-1,1.0,5723.0,4409.0
VT, Rutland ,2016,O,-1,1.0,9212.0,16258.0
VT, Washington ,2016,O,-1,1.0,13689.0,28710.0
VT, Windham ,2016,R,-1,1.0,11174.0,1437.0
VT, Windsor ,2016,R,-1,1.0,14430.0,13346.0
VT,Bennington District (2 seats),2014,D,-1,14178.0,4217.0,0
VT,Caledonia District (2 seats),2014,D,-1,81252.0,6149.0,0
VT,Chittenden District (6 seats),2014,O,-1,311777.0,37708.0,234456.0
VT,District 1,2014,D,-1,18840.0,0,0
VT,Essex-Orleans District (2 seats),2014,D,-1,77399.0,3703.0,0
VT,Franklin District (2 seats),2014,R,-1,8897.0,13416.0,823.0
VT,Grand Isle District (1 seat),2014,D,-1,56032.0,0,908.0
VT,Lamoille District (1 seat),2014,R,-1,0,61982.0,0
VT,Orange District (1 seat),2014,D,-1,3797.0,3200.0,0
VT,Rutland District (3 seats),2014,R,-1,17104.0,29420.0,1528.0
VT,Washington District (3 seats),2014,O,-1,11167.0,25829.0,158824.0
VT,Windham District (2 seats),2014,D,-1,14155.0,0,3705.0
VT,Windsor District (3 seats),2014,D,-1,34585.0,0,0
WA,  1  ,2016,D,-1,40758.0,30850.0,0
WA,  10  ,2016,R,-1,32309.0,42309.0,0
WA,  11  ,2016,D,-1,38785.0,0.0,12010.0
WA,  12  ,2016,R,-1,0.0,30882.0,0
WA,  14  ,2016,R,-1,0.0,31156.0,19900.0
WA,  16  ,2016,R,-1,0.0,1.0,0
WA,  17  ,2016,R,-1,0.0,32766.0,26686.0
WA,  18  ,2016,R,-1,25699.0,45316.0,0
WA,  19  ,2016,D,-1,30850.0,0.0,25064.0
WA,  2  ,2016,R,-1,23149.0,36739.0,0
WA,  20  ,2016,R,-1,0.0,1.0,0
WA,  22  ,2016,D,-1,45882.0,0.0,22986.0
WA,  23  ,2016,D,-1,1.0,0.0,0
WA,  24  ,2016,D,-1,40808.0,0.0,31342.0
WA,  25  ,2016,R,-1,24088.0,35138.0,0
WA,  27  ,2016,D,-1,40241.0,17859.0,0
WA,  28  ,2016,R,-1,26835.0,30139.0,0
WA,  3  ,2016,D,-1,33777.0,0.0,16395.0
WA,  36  ,2016,D,-1,1.0,0.0,0
WA,  39  ,2016,R,-1,0.0,1.0,0
WA,  4  ,2016,R,-1,0.0,1.0,0
WA,  40  ,2016,D,-1,47108.0,23081.0,0
WA,  41  ,2016,D,-1,37107.0,34446.0,0
WA,  49  ,2016,D,-1,34548.0,20943.0,0
WA,  5  ,2016,D,-1,37342.0,36826.0,0
WA,  9  ,2016,R,-1,0.0,1.0,0
WA,District 1,2014,R,-1,20949.0,28309.0,0
WA,District 13,2014,R,-1,4868.0,30751.0,0
WA,District 15,2014,R,-1,6288.0,16794.0,0
WA,District 21,2014,D,-1,20227.0,16871.0,0
WA,District 26,2014,R,-1,20414.0,29077.0,0
WA,District 28,2014,R,-1,17503.0,20945.0,0
WA,District 29,2014,D,-1,13071.0,9277.0,0
WA,District 30,2014,R,-1,13790.0,17266.0,0
WA,District 31,2014,R,-1,0,39550.0,0
WA,District 32,2014,D,-1,29560.0,11863.0,0
WA,District 33,2014,D,-1,18476.0,10994.0,0
WA,District 34,2014,D,-1,34436.0,0,0
WA,District 35,2014,D,-1,44692.0,0,0
WA,District 36,2014,D,-1,47025.0,8830.0,0
WA,District 37,2014,D,-1,36898.0,0,0
WA,District 38,2014,D,-1,19414.0,11960.0,0
WA,District 42,2014,R,-1,21244.0,30209.0,0
WA,District 43,2014,D,-1,39507.0,0,0
WA,District 44,2014,D,-1,23560.0,20077.0,0
WA,District 45,2014,R,-1,23156.0,25816.0,0
WA,District 46,2014,D,-1,41318.0,10433.0,0
WA,District 47,2014,R,-1,12428.0,21730.0,0
WA,District 48,2014,D,-1,24833.0,13446.0,0
WA,District 7,2014,R,-1,0,45314.0,0
WA,District 8,2014,R,-1,10649.0,30552.0,0
WI,  10  ,2016,R,-1,32863.0,56496.0,0
WI,  12  ,2016,R,-1,33713.0,57273.0,0
WI,  14  ,2016,R,-1,35555.0,47294.0,0
WI,  16  ,2016,D,-1,77047.0,0.0,0
WI,  18  ,2016,R,-1,36366.0,46076.0,0
WI,  2  ,2016,R,-1,30796.0,57269.0,0
WI,  20  ,2016,R,-1,0.0,79743.0,0
WI,  22  ,2016,D,-1,50841.0,0.0,0
WI,  24  ,2016,R,-1,41091.0,45139.0,0
WI,  26  ,2016,D,-1,95246.0,0.0,0
WI,  28  ,2016,R,-1,0.0,70269.0,0
WI,  30  ,2016,D,-1,40214.0,38175.0,0
WI,  32  ,2016,D,-1,43570.0,43514.0,2093.0
WI,  4  ,2016,D,-1,62099.0,0.0,0
WI,  6  ,2016,D,-1,60129.0,0.0,0
WI,  8  ,2016,R,-1,0.0,77331.0,0
WI,District 1,2014,R,-1,29555.0,47438.0,0
WI,District 11,2014,R,-1,25377.0,43842.0,0
WI,District 13,2014,R,-1,28700.0,48255.0,0
WI,District 15,2014,D,-1,36389.0,24760.0,0
WI,District 17,2014,R,-1,28179.0,34601.0,0
WI,District 19,2014,R,-1,31135.0,41628.0,0
WI,District 21,2014,R,-1,28106.0,44967.0,34.0
WI,District 23,2014,R,-1,25135.0,39577.0,0
WI,District 25,2014,D,-1,35055.0,33445.0,0
WI,District 27,2014,D,-1,61920.0,0,0
WI,District 29,2014,R,-1,23917.0,45887.0,0
WI,District 3,2014,D,-1,29291.0,0,0
WI,District 31,2014,D,-1,35508.0,32317.0,0
WI,District 33,2014,R,-1,20899.0,59199.0,0
WI,District 5,2014,R,-1,0,55869.0,20020.0
WI,District 7,2014,D,-1,41950.0,28387.0,0
WI,District 9,2014,R,-1,28770.0,43186.0,0
WV,  1  ,2016,R,-1,20303.0,21191.0,0
WV,  10  ,2016,R,-1,17494.0,21148.0,0
WV,  11  ,2016,R,-1,19718.0,20610.0,1404.0
WV,  12  ,2016,D,-1,21295.0,21188.0,0
WV,  13  ,2016,D,-1,24404.0,16544.0,0
WV,  14  ,2016,R,-1,18264.0,23201.0,2098.0
WV,  15  ,2016,R,-1,13629.0,32475.0,0
WV,  16  ,2016,R,-1,20122.0,22499.0,0
WV,  17  ,2016,D,-1,22781.0,18345.0,0
WV,  2  ,2016,R,-1,15754.0,22902.0,3521.0
WV,  3(a)  ,2016,R,-1,14826.0,27172.0,0
WV,  3(b)  ,2016,R,-1,19125.0,23034.0,0
WV,  4  ,2016,R,-1,21123.0,22032.0,0
WV,  5  ,2016,D,-1,22863.0,15092.0,0
WV,  6  ,2016,R,-1,15606.0,20776.0,0
WV,  7  ,2016,D,-1,19978.0,13987.0,0
WV,  8  ,2016,D,-1,20768.0,18357.0,0
WV,  9  ,2016,R,-1,17545.0,18861.0,0
WV,District 1,2014,R,-1,12821.0,13762.0,0
WV,District 10,2014,D,-1,13776.0,11815.0,0
WV,District 11,2014,R,-1,12122.0,15171.0,0
WV,District 12,2014,D,-1,14036.0,11850.0,2192.0
WV,District 13,2014,D,-1,12055.0,10589.0,767.0
WV,District 14,2014,R,-1,8456.0,15953.0,0
WV,District 15,2014,R,-1,8622.0,17609.0,0
WV,District 16,2014,D,-1,12287.0,11122.0,0
WV,District 17,2014,R,-1,13029.0,15488.0,1221.0
WV,District 2,2014,R,-1,12358.0,13034.0,681.0
WV,District 3,2014,R,-1,6014.0,19321.0,0
WV,District 4,2014,R,-1,0,22561.0,0
WV,District 5,2014,D,-1,12511.0,11818.0,793.0
WV,District 6,2014,R,-1,11245.0,11620.0,0
WV,District 7,2014,D,-1,14177.0,7394.0,0
WV,District 8,2014,R,-1,11472.0,14094.0,1041.0
WV,District 9,2014,R,-1,10970.0,14465.0,0
WY,  10  ,2016,R,-1,3815.0,5133.0,0
WY,  12  ,2016,D,-1,1.0,0.0,0
WY,  14  ,2016,R,-1,1237.0,6939.0,0
WY,  16  ,2016,R,-1,1989.0,7208.0,0
WY,  18  ,2016,R,-1,0.0,5682.0,4256.0
WY,  2  ,2016,R,-1,1377.0,8187.0,0
WY,  20  ,2016,R,-1,1546.0,6893.0,0
WY,  22  ,2016,R,-1,0.0,1.0,0
WY,  24  ,2016,R,-1,0.0,1.0,0
WY,  26  ,2016,R,-1,1979.0,6461.0,0
WY,  28  ,2016,R,-1,2111.0,5216.0,0
WY,  30  ,2016,R,-1,1521.0,5831.0,0
WY,  4  ,2016,R,-1,3859.0,5867.0,0
WY,  6  ,2016,R,-1,0.0,4670.0,4314.0
WY,  8  ,2016,R,-1,2346.0,3638.0,0
WY,District 1,2014,R,-1,0,4611.0,0
WY,District 11,2014,R,-1,1873.0,3167.0,0
WY,District 13,2014,D,-1,3626.0,0,0
WY,District 15,2014,R,-1,1702.0,3329.0,0
WY,District 17,2014,R,-1,0,4926.0,0
WY,District 19,2014,R,-1,0,4847.0,0
WY,District 21,2014,R,-1,0,5452.0,0
WY,District 23,2014,R,-1,0,4110.0,0
WY,District 25,2014,R,-1,2330.0,3390.0,0
WY,District 27,2014,R,-1,0,4670.0,0
WY,District 29,2014,R,-1,0,4613.0,0
WY,District 3,2014,R,-1,0,5743.0,0
WY,District 5,2014,R,-1,0,5026.0,0
WY,District 7,2014,R,-1,1563.0,2258.0,0
WY,District 9,2014,D,-1,3182.0,0,0
